rcp,parameter,attribute,r_partial,p,p_fdr,sig_fdr
26,base_flow_index,frac_high_perc,-0.0902840639250667,0.02445333562180399,0.04526898495276111,True
26,base_flow_index,runoff_ratio,0.1057549544103942,0.00835221113206399,0.018297264484912798,True
26,base_flow_index,area,-0.13138371516153563,0.0010318159800765767,0.002880084480213747,True
26,base_flow_index,dpsbar,-0.07737674499618108,0.05395174955647296,0.08935446876635816,False
26,base_flow_index,elev_mean,-0.0182613477565814,0.6496910272802503,0.713386226033216,False
26,base_flow_index,p_seasonality,0.17704306466784447,9.075351495210912e-06,3.9473373493732896e-05,True
26,base_flow_index,frac_snow,0.13013859422700294,0.0011526890105100912,0.0031488090043202493,True
26,doy_max,frac_high_perc,-0.04725162083446228,0.23967929729824525,0.30944185933606305,False
26,doy_max,runoff_ratio,-0.016604008095432658,0.6796325674218098,0.7417183683434123,False
26,doy_max,area,0.022942467658173926,0.5682392360356662,0.6364279443599461,False
26,doy_max,dpsbar,-0.0539714519160925,0.1791971752490423,0.2445636373511125,False
26,doy_max,elev_mean,-0.015296023509046311,0.7036268231167815,0.7623332932438165,False
26,doy_max,p_seasonality,0.09092760645753625,0.023449251256227155,0.04359030938916915,True
26,doy_max,frac_snow,0.0585029824950192,0.14533818423198908,0.20420277836562947,False
26,doy_min,frac_high_perc,0.2791117545735616,1.4142632862810477e-12,1.689573206010425e-11,True
26,doy_min,runoff_ratio,0.05346470868862911,0.18332028344697712,0.24917147323603872,False
26,doy_min,area,-0.17577294103621688,1.0541327072592176e-05,4.540879354347399e-05,True
26,doy_min,dpsbar,-0.07042006391383897,0.07951610100080789,0.12369171266792336,False
26,doy_min,elev_mean,-0.2026919125813492,3.508700105801734e-07,1.905330481695972e-06,True
26,doy_min,p_seasonality,-0.09264535006006293,0.02094210682857115,0.03950342677557842,True
26,doy_min,frac_snow,-0.16387486020460268,4.0732704247958577e-05,0.00015530426811136548,True
26,high_pulse_count,frac_high_perc,0.2687227843711912,9.850296287087381e-12,1.0633572859313606e-10,True
26,high_pulse_count,runoff_ratio,0.03949134223256234,0.3258438697855989,0.401038608966891,False
26,high_pulse_count,area,0.07397878807906513,0.06542357062489128,0.10486497187817993,False
26,high_pulse_count,dpsbar,0.0534377614057165,0.18354148698190353,0.24917147323603872,False
26,high_pulse_count,elev_mean,-0.13341554362714378,0.000859425104481327,0.00246020732784431,True
26,high_pulse_count,p_seasonality,-0.20805146702678484,1.6812022134033695e-07,9.845471785682476e-07,True
26,high_pulse_count,frac_snow,-0.15755236886138557,8.049351405230333e-05,0.0002919926663597724,True
26,high_pulse_duration_mean,frac_high_perc,0.04246686149309629,0.2906881139155837,0.3617848354317835,False
26,high_pulse_duration_mean,runoff_ratio,-0.08025118497559613,0.045603472232686626,0.07812755472368493,False
26,high_pulse_duration_mean,area,-0.02785849953312225,0.4883308688853771,0.5638459517027035,False
26,high_pulse_duration_mean,dpsbar,0.021388692630478743,0.5947325994784983,0.6603226878968209,False
26,high_pulse_duration_mean,elev_mean,-0.08587412808946551,0.03238594496190521,0.05803561337173413,False
26,high_pulse_duration_mean,p_seasonality,-0.1555398627096852,9.944801552312544e-05,0.00034943302709302115,True
26,high_pulse_duration_mean,frac_snow,-0.09616361577939526,0.01652476331080784,0.032469710365096105,True
26,low_pulse_count,frac_high_perc,0.4230156085660638,2.3718108668769057e-28,2.1251425367217074e-26,True
26,low_pulse_count,runoff_ratio,-0.10310159097855992,0.010141807665461201,0.021381316866478203,True
26,low_pulse_count,area,0.03240413219132816,0.42019004193958753,0.4960346213147173,False
26,low_pulse_count,dpsbar,0.04822397453736327,0.23013456419882378,0.3001463894063262,False
26,low_pulse_count,elev_mean,-0.008847354356414788,0.8258438659684619,0.8654457355646105,False
26,low_pulse_count,p_seasonality,-0.11741290463025812,0.0033878703467529444,0.008248727800789777,True
26,low_pulse_count,frac_snow,0.002269951663133426,0.9549809295263051,0.9661042454813535,False
26,low_pulse_duration_mean,frac_high_perc,-0.004821472515849988,0.904555155860154,0.9273242787765423,False
26,low_pulse_duration_mean,runoff_ratio,0.17728245301372045,8.821756657701374e-06,3.874653904559035e-05,True
26,low_pulse_duration_mean,area,-0.13547208475715264,0.0007124020458195659,0.0020724423151114646,True
26,low_pulse_duration_mean,dpsbar,0.009963488875789364,0.804293198398592,0.8478196538413394,False
26,low_pulse_duration_mean,elev_mean,-0.05624927161334692,0.16151060087624639,0.22297919627907054,False
26,low_pulse_duration_mean,p_seasonality,0.2318163682162337,5.0657018441651786e-09,3.814175506194958e-08,True
26,low_pulse_duration_mean,frac_snow,0.05257401128082183,0.1907366630304154,0.2581571753402601,False
26,max_1day,frac_high_perc,0.026862413382468215,0.5040188392734068,0.5780247131689188,False
26,max_1day,runoff_ratio,0.08405407906207824,0.03625074928939627,0.06444577651448226,False
26,max_1day,area,0.022278938577332357,0.5794840605097241,0.645696816773625,False
26,max_1day,dpsbar,-0.12267163395338808,0.0021958757919541775,0.005686429796505616,True
26,max_1day,elev_mean,-0.042464061017657616,0.2907199570433975,0.3617848354317835,False
26,max_1day,p_seasonality,-0.09361052843236016,0.019638300161396467,0.03775947842191252,True
26,max_1day,frac_snow,0.012740609460760291,0.7513441121606682,0.8023889445720604,False
26,max_30day,frac_high_perc,-0.07093921035927642,0.07731865824746163,0.12069253970335475,False
26,max_30day,runoff_ratio,0.07201862223596696,0.07290766795644868,0.1152121172645115,False
26,max_30day,area,0.016973397338934368,0.6729132676886619,0.7361786176422968,False
26,max_30day,dpsbar,-0.07509862447685228,0.06143948476341618,0.10009050608731072,False
26,max_30day,elev_mean,0.11583849539313738,0.0038450601174444825,0.009187130307280683,True
26,max_30day,p_seasonality,-0.0010844673875047492,0.9784833844555321,0.9828137171469569,False
26,max_30day,frac_snow,0.1113016037354938,0.005491969640098139,0.012585178510301618,True
26,max_3day,frac_high_perc,0.016146808440485046,0.6879844019188779,0.7480995438341197,False
26,max_3day,runoff_ratio,0.05871087726160521,0.14391102745378487,0.20306185921037992,False
26,max_3day,area,0.014699218572029379,0.7146752302629046,0.7733683651154136,False
26,max_3day,dpsbar,-0.04336182590804631,0.2806316174142628,0.35167262825619505,False
26,max_3day,elev_mean,0.04635951614826478,0.24867819018865636,0.3174012228048947,False
26,max_3day,p_seasonality,-0.04112549956051269,0.30620843319298335,0.3794782242612906,False
26,max_3day,frac_snow,0.023581257877367937,0.5575130043466662,0.6283417004963684,False
26,max_7day,frac_high_perc,0.030107568393172704,0.453896439437053,0.5281704022540253,False
26,max_7day,runoff_ratio,0.0450715567879864,0.2620817027664236,0.3331343380842376,False
26,max_7day,area,0.04926618228513839,0.22020697203881268,0.28963565334995184,False
26,max_7day,dpsbar,-0.11491436176830715,0.004138781703883471,0.009784560439787836,True
26,max_7day,elev_mean,0.037104380675821155,0.3559595890892668,0.432167739598893,False
26,max_7day,p_seasonality,-0.023644316232234418,0.5564595166771259,0.6283417004963684,False
26,max_7day,frac_snow,0.012107906166164278,0.7633149077943842,0.8142025683140097,False
26,max_90day,frac_high_perc,0.0015024013030959238,0.970194587382907,0.977833914842615,False
26,max_90day,runoff_ratio,0.04755190076166617,0.23670246047532256,0.3078162620985327,False
26,max_90day,area,0.007309604403019698,0.855747661104658,0.8905341513934653,False
26,max_90day,dpsbar,-0.11878549793737617,0.0030301952943289057,0.0075001518887256894,True
26,max_90day,elev_mean,0.12519375342810415,0.0017730226097265817,0.004700083604482299,True
26,max_90day,p_seasonality,-0.07747758069935355,0.053638707421616444,0.08900052194401543,False
26,max_90day,frac_snow,0.11986272995386746,0.0027739392942598387,0.006904026687935598,True
26,mean_fall_rate,frac_high_perc,0.09758790094312893,0.014983095888639386,0.029899451929222474,True
26,mean_fall_rate,runoff_ratio,0.03344649174104354,0.40538872526656883,0.4829551690643138,False
26,mean_fall_rate,area,-0.015920022364657484,0.6921413940753767,0.7517075019291364,False
26,mean_fall_rate,dpsbar,-0.1039655981142906,0.009524836504700268,0.020271386005252825,True
26,mean_fall_rate,elev_mean,-0.12880633466405858,0.001296380971492932,0.0035198707589626276,True
26,mean_fall_rate,p_seasonality,-0.26080140077731084,4.0947142098182354e-11,4.076515479996821e-10,True
26,mean_fall_rate,frac_snow,-0.1489922365520905,0.00019438477454957167,0.000649883425359762,True
26,mean_rise_rate,frac_high_perc,0.026833295611070264,0.5044813902880518,0.5780247131689188,False
26,mean_rise_rate,runoff_ratio,0.008197464241644463,0.8384538316577264,0.8755881505423343,False
26,mean_rise_rate,area,0.04890809734729837,0.22358276956979614,0.29245279056136836,False
26,mean_rise_rate,dpsbar,-0.07528967557502934,0.06078020874115805,0.09919684340997743,False
26,mean_rise_rate,elev_mean,0.011695922996860515,0.7711403230439392,0.819622454860462,False
26,mean_rise_rate,p_seasonality,-0.1518509939536039,0.00014555525372431444,0.0004977767455610142,True
26,mean_rise_rate,frac_snow,0.0034263783040143145,0.9320919536689538,0.9501187605089677,False
26,min_1day,frac_high_perc,-0.11827102712997961,0.003160024016585023,0.007778520656209287,True
26,min_1day,runoff_ratio,0.26051430742693554,4.307895257574391e-11,4.2416199459194e-10,True
26,min_1day,area,-0.11480943302844901,0.004173384484437525,0.009840401310673744,True
26,min_1day,dpsbar,0.003990871918976263,0.9209381567586895,0.9418414792148716,False
26,min_1day,elev_mean,-0.015306701385082194,0.7034297069447397,0.7623332932438165,False
26,min_1day,p_seasonality,0.1020116770151038,0.010970572935028643,0.02296643306024688,True
26,min_1day,frac_snow,0.10129469756916264,0.011547979845675398,0.02395136560584527,True
26,min_30day,frac_high_perc,-0.09815525602134831,0.014405100431001124,0.02893939458784082,True
26,min_30day,runoff_ratio,0.30024848957416067,2.1034059201330566e-14,3.141086174065365e-13,True
26,min_30day,area,-0.15161328923538034,0.0001491281818116543,0.0005080564673127082,True
26,min_30day,dpsbar,-0.09183242189164602,0.02209799279547703,0.041335702598637614,True
26,min_30day,elev_mean,-0.08851320430688064,0.02741032236430561,0.05001965140207297,False
26,min_30day,p_seasonality,0.22138674708277173,2.4733267616838423e-08,1.6355787681801152e-07,True
26,min_30day,frac_snow,0.020697754980539843,0.6066918298950357,0.6711060241801876,False
26,min_3day,frac_high_perc,-0.10677669614979324,0.007742032031303907,0.017043883783902456,True
26,min_3day,runoff_ratio,0.30789645277312405,4.202217099940497e-15,6.845793675539428e-14,True
26,min_3day,area,-0.11084750400907045,0.005687633813960056,0.01290156936027395,True
26,min_3day,dpsbar,0.008410631388459166,0.8343129713877984,0.8732995588358263,False
26,min_3day,elev_mean,-0.035785639578386416,0.3733252160973263,0.4502010681335186,False
26,min_3day,p_seasonality,0.12556827959510233,0.0017170264008554766,0.004565150312066786,True
26,min_3day,frac_snow,0.07937244784620542,0.04803188771686255,0.080744036387071,False
26,min_7day,frac_high_perc,-0.1112465750877786,0.005515353433609191,0.012606522133963865,True
26,min_7day,runoff_ratio,0.3123512736150938,1.608838233113386e-15,2.7198472771124413e-14,True
26,min_7day,area,-0.13993861643055855,0.0004697286701980894,0.0014463123316064883,True
26,min_7day,dpsbar,-0.023616440662492265,0.5569251018995564,0.6283417004963684,False
26,min_7day,elev_mean,-0.06716676783968736,0.09446442926423652,0.1420136386254294,False
26,min_7day,p_seasonality,0.12173265183871376,0.002375552239671719,0.006081413733559601,True
26,min_7day,frac_snow,0.03356319838758039,0.40375108440622437,0.4817056879200759,False
26,min_90day,frac_high_perc,0.025837467936189747,0.5204340665329379,0.5940241065140285,False
26,min_90day,runoff_ratio,0.2970437892270754,4.072965332467369e-14,5.886091835307682e-13,True
26,min_90day,area,-0.1223848738367973,0.002249384176645153,0.005791517880097865,True
26,min_90day,dpsbar,-0.009202091022939283,0.8189794717914322,0.8592571507319944,False
26,min_90day,elev_mean,-0.0690939733041872,0.08535969304097263,0.1305158446496783,False
26,min_90day,p_seasonality,0.34574871612890273,7.070505726563253e-19,1.667150823947546e-17,True
26,min_90day,frac_snow,0.0622653082267821,0.12113634034625988,0.17477964726288062,False
26,month_01_Oct,frac_high_perc,-0.24559654920751128,5.534139845010909e-10,4.634195608532499e-09,True
26,month_01_Oct,runoff_ratio,0.18179759837966214,5.132645240159431e-06,2.3705413067952833e-05,True
26,month_01_Oct,area,-0.005432520880668125,0.8925280920296261,0.9181460051188806,False
26,month_01_Oct,dpsbar,-0.05519114961950028,0.16955580887580982,0.23372616115803937,False
26,month_01_Oct,elev_mean,-0.00937944352565942,0.8155527286370508,0.8566649998344636,False
26,month_01_Oct,p_seasonality,0.04656674659744204,0.24656707303783676,0.31739925547338516,False
26,month_01_Oct,frac_snow,0.13086653656072467,0.001080526602612728,0.0030066827203136777,True
26,month_02_Nov,frac_high_perc,-0.025200258672406703,0.5307762345677162,0.6035222159551696,False
26,month_02_Nov,runoff_ratio,0.09143237617426948,0.02268685867518192,0.04234880286033959,True
26,month_02_Nov,area,0.048989117815292374,0.2228157465445861,0.292001989535252,False
26,month_02_Nov,dpsbar,-0.20605742092411916,2.2156327004520806e-07,1.248557798493751e-06,True
26,month_02_Nov,elev_mean,-0.0771940703123073,0.05452273307623662,0.08996753008528179,False
26,month_02_Nov,p_seasonality,-0.16809443090964948,2.5486554927198404e-05,0.00010015768953846391,True
26,month_02_Nov,frac_snow,-0.06147120164612685,0.12596339603493295,0.1811608392412519,False
26,month_03_Dec,frac_high_perc,0.11117878054423469,0.005544285171809256,0.012640405887890824,True
26,month_03_Dec,runoff_ratio,-0.07791716027645214,0.0522916635713359,0.08708797501843302,False
26,month_03_Dec,area,0.23196216534381553,4.951944147823594e-09,3.76012030207622e-08,True
26,month_03_Dec,dpsbar,-0.011840321500185852,0.768394854429993,0.8176743344053132,False
26,month_03_Dec,elev_mean,0.09845984391706707,0.01410296686666652,0.028460041244444147,True
26,month_03_Dec,p_seasonality,0.014101990421158095,0.7257915109609482,0.7825622067641511,False
26,month_03_Dec,frac_snow,0.1545758445342444,0.00010994875709472328,0.00038482064983153154,True
26,month_04_Jan,frac_high_perc,-0.13246111236676675,0.0009367847629931788,0.0026561998343097725,True
26,month_04_Jan,runoff_ratio,0.060864291855468836,0.12975230976632235,0.1863110088952321,False
26,month_04_Jan,area,0.15887014066702407,6.998755830286263e-05,0.00025595449893618335,True
26,month_04_Jan,dpsbar,-0.06891947087937793,0.0861538125526712,0.13150564914342996,False
26,month_04_Jan,elev_mean,-0.037844903528692214,0.3464346777430338,0.42174656420891077,False
26,month_04_Jan,p_seasonality,0.04118694138394002,0.3054857599426837,0.3791069818679288,False
26,month_04_Jan,frac_snow,-0.12152202474236992,0.002417656903785621,0.006171568620489789,True
26,month_05_Feb,frac_high_perc,0.16472393091224707,3.709954874134511e-05,0.000142666075846546,True
26,month_05_Feb,runoff_ratio,0.087672597682283,0.028918477441262833,0.05228045529131413,False
26,month_05_Feb,area,0.07567671619652167,0.05946253156043761,0.09740114858894351,False
26,month_05_Feb,dpsbar,0.1209430589505188,0.0025369276801315613,0.006403062539148955,True
26,month_05_Feb,elev_mean,0.37032308976512246,1.2785110281192743e-21,4.773107838311958e-20,True
26,month_05_Feb,p_seasonality,0.1016134702642454,0.011288020372359181,0.02357591201313246,True
26,month_05_Feb,frac_snow,0.44779429389941383,5.903295510144158e-32,1.7631175923630552e-29,True
26,month_06_Mar,frac_high_perc,-0.10991059427456432,0.0061112763655278134,0.013758049305308847,True
26,month_06_Mar,runoff_ratio,-0.01889153116197623,0.6384493488374589,0.7036292946597332,False
26,month_06_Mar,area,0.09373071988030693,0.019480998786878805,0.03756067551752513,True
26,month_06_Mar,dpsbar,-0.03904371920274671,0.331361773382665,0.40671253280940795,False
26,month_06_Mar,elev_mean,-0.07974124058317393,0.04699982923609795,0.07975728597640863,False
26,month_06_Mar,p_seasonality,-0.11447079105097657,0.004286853257355229,0.010055027535576664,True
26,month_06_Mar,frac_snow,-0.08969690178323211,0.025401664905220625,0.046831052993986995,True
26,month_07_Apr,frac_high_perc,0.10499013602605643,0.008836671825419525,0.01900209096950508,True
26,month_07_Apr,runoff_ratio,0.12113736595588222,0.0024963134747781465,0.006336251766009119,True
26,month_07_Apr,area,0.03997975604128254,0.31989152572802493,0.39425420502381064,False
26,month_07_Apr,dpsbar,-0.11509646222234357,0.004079345602180625,0.009695208646031406,True
26,month_07_Apr,elev_mean,-0.2491253060349383,3.0704217315645076e-10,2.6200932109350464e-09,True
26,month_07_Apr,p_seasonality,-0.16359046324111567,4.2023160736033743e-05,0.00015954555940460267,True
26,month_07_Apr,frac_snow,-0.1905613916227377,1.7261586562999893e-06,8.315258903466614e-06,True
26,month_08_May,frac_high_perc,0.1448649221914572,0.0002924877032018731,0.0009393153479171266,True
26,month_08_May,runoff_ratio,0.22883688418577214,8.031148106594987e-09,5.7567269628072864e-08,True
26,month_08_May,area,-0.012990271602982953,0.7466366815079893,0.7992669852224116,False
26,month_08_May,dpsbar,0.03201078182078934,0.4258568274634849,0.5012855863295612,False
26,month_08_May,elev_mean,-0.10099487314562473,0.011797309241796842,0.0243557352088709,True
26,month_08_May,p_seasonality,-0.28247415003595844,7.412904799902791e-13,9.098579042072466e-12,True
26,month_08_May,frac_snow,-0.1097325524750215,0.006194915497195428,0.01391138918668447,True
26,month_09_Jun,frac_high_perc,0.0010320552146720133,0.9795230462190094,0.9828137171469569,False
26,month_09_Jun,runoff_ratio,0.0022878748796768475,0.9546258463355071,0.9661042454813535,False
26,month_09_Jun,area,0.016488324472773798,0.6817421488944626,0.7422125946651744,False
26,month_09_Jun,dpsbar,-0.028060599508148265,0.48518023367117735,0.5616556710198642,False
26,month_09_Jun,elev_mean,0.09372153207797916,0.01949298450407275,0.03756067551752513,True
26,month_09_Jun,p_seasonality,0.2017517536013555,3.9839974877823953e-07,2.150398644007847e-06,True
26,month_09_Jun,frac_snow,0.16981368897665872,2.09849790345018e-05,8.507937201318376e-05,True
26,month_10_Jul,frac_high_perc,-0.08531949386635268,0.03352454090937527,0.05995523656607335,False
26,month_10_Jul,runoff_ratio,0.23921089366177747,1.5704937201489827e-09,1.2563949761191862e-08,True
26,month_10_Jul,area,-0.047380311316678435,0.23840031055560174,0.3093593137133672,False
26,month_10_Jul,dpsbar,-0.11504368063103829,0.0040964930460784445,0.009710205738852609,True
26,month_10_Jul,elev_mean,0.03907907750135139,0.33092372736545667,0.40671253280940795,False
26,month_10_Jul,p_seasonality,0.3910449865073352,4.0097514144111664e-24,2.1133748631249443e-22,True
26,month_10_Jul,frac_snow,0.23115812644322747,5.611655767276569e-09,4.1900363062331717e-08,True
26,month_11_Aug,frac_high_perc,0.060660173548301305,0.13104625822810415,0.18786791579581008,False
26,month_11_Aug,runoff_ratio,0.3110586927027582,2.129245640817879e-15,3.532970544764481e-14,True
26,month_11_Aug,area,-0.13151628891859146,0.001019660181906449,0.002863998504665136,True
26,month_11_Aug,dpsbar,-0.000837251096141009,0.9833875225679559,0.9855874946542378,False
26,month_11_Aug,elev_mean,0.033411792860251935,0.4058763865015941,0.4829551690643138,False
26,month_11_Aug,p_seasonality,0.24294839596716372,8.559802851615537e-10,7.036315004630753e-09,True
26,month_11_Aug,frac_snow,0.16890644680585282,2.325685183057385e-05,9.22041559300627e-05,True
26,month_12_Sep,frac_high_perc,-0.04806479297265265,0.23167837108757858,0.3017206693233581,False
26,month_12_Sep,runoff_ratio,0.2983535331407827,3.112095102645546e-14,4.571208544213786e-13,True
26,month_12_Sep,area,-0.135544765111901,0.0007076601715714043,0.002065353464911981,True
26,month_12_Sep,dpsbar,-0.038291893151988554,0.34076442565379367,0.41597401278719226,False
26,month_12_Sep,elev_mean,-0.07267645672970771,0.07032170117711393,0.11191517629608186,False
26,month_12_Sep,p_seasonality,0.016504181937605694,0.6814528283140134,0.7422125946651744,False
26,month_12_Sep,frac_snow,0.06295410687513783,0.11706741214299354,0.1691812923872939,False
26,number_of_reversals,frac_high_perc,-0.17034590219129603,1.9752050674513105e-05,8.08120429423002e-05,True
26,number_of_reversals,runoff_ratio,0.07232427685901188,0.07169663434404663,0.11369944136684211,False
26,number_of_reversals,area,0.06810106742990232,0.08995794662631743,0.13592296825831438,False
26,number_of_reversals,dpsbar,0.04307921635051371,0.28378144481202616,0.35512314881504947,False
26,number_of_reversals,elev_mean,0.12252268621806961,0.002223521885915667,0.005741428270260627,True
26,number_of_reversals,p_seasonality,0.22246072687187898,2.1081798799452312e-08,1.4310069488113085e-07,True
26,number_of_reversals,frac_snow,0.10543581143321387,0.008551408623946323,0.018552208540086938,True
45,base_flow_index,frac_high_perc,-0.012821287521384922,0.749821891476942,0.8017188720326254,False
45,base_flow_index,runoff_ratio,0.0992959546249925,0.013302084059608024,0.027149583866534828,True
45,base_flow_index,area,-0.08528762352257906,0.033590991915366984,0.05995523656607335,False
45,base_flow_index,dpsbar,0.010450358580292841,0.7949378204389077,0.8409259588114065,False
45,base_flow_index,elev_mean,0.11193239662215676,0.005230227296345592,0.012016111942373462,True
45,base_flow_index,p_seasonality,0.18066992807953172,5.883457458466428e-06,2.6895805524417957e-05,True
45,base_flow_index,frac_snow,0.2295734848343631,7.170568437540908e-09,5.223438471574514e-08,True
45,doy_max,frac_high_perc,-0.08779345489748487,0.028697351471910524,0.052050256920712204,False
45,doy_max,runoff_ratio,-0.05197733202843777,0.19582668425150362,0.2626657321696815,False
45,doy_max,area,0.05510437065130048,0.170228683338955,0.23429324158479828,False
45,doy_max,dpsbar,0.0013004022458031825,0.9742004471800363,0.9807680906441714,False
45,doy_max,elev_mean,-0.04386309484283392,0.27510317654457195,0.3461972558763153,False
45,doy_max,p_seasonality,0.05957689605677465,0.13808108837178262,0.1960707689082682,False
45,doy_max,frac_snow,-0.044997823788208574,0.2628638136445937,0.3331343380842376,False
45,doy_min,frac_high_perc,0.2713502820132256,6.076469666141868e-12,6.805646026078892e-11,True
45,doy_min,runoff_ratio,0.06816182706879001,0.08967096304272404,0.1357182143349337,False
45,doy_min,area,-0.11631726323341177,0.003700440459582711,0.008936912808048812,True
45,doy_min,dpsbar,-0.026154646910215955,0.5153250159971609,0.5889428754253266,False
45,doy_min,elev_mean,-0.12751455405919956,0.0014512871769213175,0.003916726838920182,True
45,doy_min,p_seasonality,-0.220200532285574,2.9477943770359716e-08,1.9139302621914713e-07,True
45,doy_min,frac_snow,-0.15935884676015022,6.643127038062626e-05,0.00024394433713541446,True
45,high_pulse_count,frac_high_perc,0.2696846625108988,8.258681055714311e-12,9.135528673975337e-11,True
45,high_pulse_count,runoff_ratio,0.0928758594201424,0.020624068748603536,0.03906800338001854,True
45,high_pulse_count,area,0.08101058030118646,0.04358879610288371,0.07554267177598414,False
45,high_pulse_count,dpsbar,0.001652989758924816,0.9672087378469267,0.9759223300797819,False
45,high_pulse_count,elev_mean,-0.137506382239973,0.0005902128424910754,0.001774599687489945,True
45,high_pulse_count,p_seasonality,-0.13319906483342936,0.0008764344277656695,0.0025009084308217832,True
45,high_pulse_count,frac_snow,-0.10329181344732648,0.010003005627305777,0.02113842698600466,True
45,high_pulse_duration_mean,frac_high_perc,0.08060198239458774,0.04466328251962419,0.07666341214096413,False
45,high_pulse_duration_mean,runoff_ratio,0.04502706808954457,0.26255341731814497,0.3331343380842376,False
45,high_pulse_duration_mean,area,0.0056795163722323135,0.8876733919056548,0.9158978723329705,False
45,high_pulse_duration_mean,dpsbar,0.022102348302242614,0.5824941908078023,0.6475369664563162,False
45,high_pulse_duration_mean,elev_mean,-0.06744037236846075,0.09312642317886964,0.14047352721930503,False
45,high_pulse_duration_mean,p_seasonality,-0.20305194080238445,3.341557704067799e-07,1.8256315261248463e-06,True
45,high_pulse_duration_mean,frac_snow,-0.08151379131367996,0.042295514478220414,0.07358598247084562,False
45,low_pulse_count,frac_high_perc,0.4130600971766125,5.50828645695527e-27,4.486749695847202e-25,True
45,low_pulse_count,runoff_ratio,-0.14508346120553964,0.0002863045665560743,0.000926097081712067,True
45,low_pulse_count,area,0.07217425478337894,0.07228896612806722,0.11443624319920181,False
45,low_pulse_count,dpsbar,0.040816646632882064,0.30985824383195815,0.3834709757920366,False
45,low_pulse_count,elev_mean,0.04642901759193851,0.24796875774492858,0.3174012228048947,False
45,low_pulse_count,p_seasonality,-0.15207245643041423,0.00014229896030199275,0.0004885052430290632,True
45,low_pulse_count,frac_snow,0.028407724752342097,0.479794455417519,0.5561394981294916,False
45,low_pulse_duration_mean,frac_high_perc,-0.07768411130856226,0.053002259437308206,0.08810765205162922,False
45,low_pulse_duration_mean,runoff_ratio,0.20316726820898479,3.289658040740342e-07,1.808302824848679e-06,True
45,low_pulse_duration_mean,area,-0.10351814120065245,0.009840058962267391,0.020843245461445822,True
45,low_pulse_duration_mean,dpsbar,0.09231601306522383,0.021403893245180272,0.040289681402692276,True
45,low_pulse_duration_mean,elev_mean,0.05482817855476211,0.17238353353193664,0.2361707126064453,False
45,low_pulse_duration_mean,p_seasonality,0.25186835165875465,1.930081642917744e-10,1.7293531520542985e-09,True
45,low_pulse_duration_mean,frac_snow,0.1921138386391629,1.4155609887446504e-06,7.007417933233186e-06,True
45,max_1day,frac_high_perc,0.11753339016750333,0.0033550036393494697,0.008190962563643392,True
45,max_1day,runoff_ratio,0.17198820421617944,1.6366781240006364e-05,6.789183329187825e-05,True
45,max_1day,area,0.08884797831564004,0.026828820626150267,0.049058414859246204,True
45,max_1day,dpsbar,-0.02922642289449748,0.4672218913022069,0.5429712251709176,False
45,max_1day,elev_mean,0.054070243808958494,0.17840143228368072,0.24404226462011896,False
45,max_1day,p_seasonality,-0.04348564547350768,0.27925907551670637,0.35044276143272957,False
45,max_1day,frac_snow,0.05395518281837737,0.17932847069160818,0.2445636373511125,False
45,max_30day,frac_high_perc,-0.03396355419254512,0.39816334627655753,0.47567247768506077,False
45,max_30day,runoff_ratio,0.16937929431299062,2.2045125698626316e-05,8.77885894487519e-05,True
45,max_30day,area,0.08941604150928548,0.025866399081544117,0.047589925209576035,True
45,max_30day,dpsbar,-0.08163802381559887,0.04198126120931385,0.07318134249716966,False
45,max_30day,elev_mean,0.06168477804866449,0.1246506915258558,0.17956112477036462,False
45,max_30day,p_seasonality,-0.14471544141412046,0.0002967885955780755,0.0009497235058498416,True
45,max_30day,frac_snow,0.03848575962413125,0.33832369051857664,0.4136224246421439,False
45,max_3day,frac_high_perc,0.09335368824843773,0.019978154813496313,0.03816722113623176,True
45,max_3day,runoff_ratio,0.11010037033196969,0.006023243164884877,0.013628348171052651,True
45,max_3day,area,0.10554087820566482,0.008485366790990372,0.0184536132153577,True
45,max_3day,dpsbar,-0.03532306525158198,0.37953845869521696,0.4564650456253884,False
45,max_3day,elev_mean,0.07533227838993282,0.06063399577968484,0.09913879601933871,False
45,max_3day,p_seasonality,-0.030743417612463464,0.44441491490666934,0.5198378116923965,False
45,max_3day,frac_snow,0.07459612670930416,0.06320173812051165,0.10227708374506875,False
45,max_7day,frac_high_perc,0.06377137801380212,0.11237930800667399,0.16346081164607126,False
45,max_7day,runoff_ratio,0.07407337605907756,0.06507903332555888,0.10449966641523434,False
45,max_7day,area,0.14291083982647454,0.0003535926206079267,0.0011000659307802165,True
45,max_7day,dpsbar,-0.046072057215184176,0.2516274472210282,0.32070866672836595,False
45,max_7day,elev_mean,0.054954637617697845,0.171394387335483,0.23517514709432277,False
45,max_7day,p_seasonality,-0.04441822828057422,0.2690677585417796,0.3405151294540036,False
45,max_7day,frac_snow,0.05236163368274599,0.19253711281601998,0.2602009850424644,False
45,max_90day,frac_high_perc,0.02799293166730392,0.48623391626724616,0.5621491470651001,False
45,max_90day,runoff_ratio,0.0997515997422104,0.012882745555357815,0.02647463306789129,True
45,max_90day,area,0.06586029266034968,0.10106673739144056,0.14967900281443097,False
45,max_90day,dpsbar,-0.004650566155311623,0.9079230831213045,0.9297132371162159,False
45,max_90day,elev_mean,0.11882908681910029,0.003019421633424002,0.007494187766060681,True
45,max_90day,p_seasonality,-0.19332560581623554,1.2111415217894966e-06,6.096532604063983e-06,True
45,max_90day,frac_snow,0.09632393605551684,0.016344553210278025,0.03218619709100903,True
45,mean_fall_rate,frac_high_perc,0.04265614672192303,0.288541249432235,0.3600737597371624,False
45,mean_fall_rate,runoff_ratio,0.20759663441532608,1.7908852087385975e-07,1.041969575993366e-06,True
45,mean_fall_rate,area,-0.09853119352254795,0.014033003900580144,0.028382779898238848,True
45,mean_fall_rate,dpsbar,-0.14777203738999556,0.00021958656414918111,0.0007314110092106553,True
45,mean_fall_rate,elev_mean,-0.2682061890719277,1.0825051128654327e-11,1.1410877425028562e-10,True
45,mean_fall_rate,p_seasonality,-0.0629815155031051,0.11690774387808218,0.1691812923872939,False
45,mean_fall_rate,frac_snow,-0.2552795431615855,1.0751841607563352e-10,9.830255184057921e-10,True
45,mean_rise_rate,frac_high_perc,0.07235659259771464,0.0715695628881617,0.11369916373722143,False
45,mean_rise_rate,runoff_ratio,0.1376882290692349,0.0005802963919167304,0.0017506584752774088,True
45,mean_rise_rate,area,0.0062090188122627885,0.8772803969221858,0.9097722634748594,False
45,mean_rise_rate,dpsbar,-0.049358914967393,0.2193387244101343,0.28901102510511817,False
45,mean_rise_rate,elev_mean,-0.0672867123606942,0.09387598530933837,0.14136618964229777,False
45,mean_rise_rate,p_seasonality,-0.15696170629084105,8.567029076533352e-05,0.0003070423221029553,True
45,mean_rise_rate,frac_snow,-0.06598336522483858,0.10042954851535436,0.14898158190357202,False
45,min_1day,frac_high_perc,-0.16955541674721414,2.1609307970136314e-05,8.653110988884426e-05,True
45,min_1day,runoff_ratio,0.28266467305236953,7.144600737538525e-13,8.891058695603498e-12,True
45,min_1day,area,-0.10507683042164391,0.00878052593992184,0.01900209096950508,True
45,min_1day,dpsbar,0.10500446385807892,0.008827370679499506,0.01900209096950508,True
45,min_1day,elev_mean,0.15636068420241628,9.125892025733907e-05,0.00032447616091498335,True
45,min_1day,p_seasonality,0.22048432406461652,2.8268460793357108e-08,1.8487986037115305e-07,True
45,min_1day,frac_snow,0.2721575973985328,5.232762479340695e-12,6.01096818139649e-11,True
45,min_30day,frac_high_perc,-0.1433154692762136,0.0003400373865113187,0.001064727505769493,True
45,min_30day,runoff_ratio,0.37843157427034047,1.4073292172593536e-22,6.6366683087598984e-21,True
45,min_30day,area,-0.1057813436372389,0.008335926770605653,0.018297264484912798,True
45,min_30day,dpsbar,0.023491177106945618,0.5590196212721329,0.6292482169093355,False
45,min_30day,elev_mean,0.09689506164159323,0.015716494652786614,0.03108604681875675,True
45,min_30day,p_seasonality,0.28971457505556386,1.7901103522729797e-13,2.3245490951254922e-12,True
45,min_30day,frac_snow,0.2513759301884624,2.0986844767096464e-10,1.8618032585463793e-09,True
45,min_3day,frac_high_perc,-0.16954584669719489,2.1632777472211064e-05,8.653110988884426e-05,True
45,min_3day,runoff_ratio,0.32351607165583474,1.3493293232133244e-16,2.5723384544662526e-15,True
45,min_3day,area,-0.09642903199952432,0.016227355546198117,0.03202579420571258,True
45,min_3day,dpsbar,0.06879771152312249,0.08671142905289032,0.1321317014139281,False
45,min_3day,elev_mean,0.12715183656449147,0.0014977466181934304,0.004017907095512915,True
45,min_3day,p_seasonality,0.24530636949987847,5.806492227372024e-10,4.8172379960419755e-09,True
45,min_3day,frac_snow,0.2602787919193478,4.4908319957159285e-11,4.373679856697252e-10,True
45,min_7day,frac_high_perc,-0.17812977280467626,7.977341017804937e-06,3.5384641346303083e-05,True
45,min_7day,runoff_ratio,0.32713283248114244,5.911229437578729e-17,1.176991461349009e-15,True
45,min_7day,area,-0.09767145787543383,0.014896712220141647,0.029793424440283295,True
45,min_7day,dpsbar,0.023100606674666752,0.5655746983350662,0.6350312402358639,False
45,min_7day,elev_mean,0.09431342426369782,0.01873384970963758,0.036253843066598866,True
45,min_7day,p_seasonality,0.2563489333885189,8.934209648964353e-11,8.426370363654801e-10,True
45,min_7day,frac_snow,0.2213673884146385,2.4804401302858606e-08,1.6355787681801152e-07,True
45,min_90day,frac_high_perc,-0.07152167859297798,0.07491221177064211,0.11796369375482482,False
45,min_90day,runoff_ratio,0.2783369871115957,1.6392077595513961e-12,1.932539674418488e-11,True
45,min_90day,area,-0.1160930509962454,0.003767541845783225,0.009074509391994003,True
45,min_90day,dpsbar,0.0990863882827635,0.013498960405669218,0.027426459236915238,True
45,min_90day,elev_mean,0.10140116136793725,0.01146057503752113,0.023880640078183562,True
45,min_90day,p_seasonality,0.4075578939080245,2.995766896392147e-26,1.789471426111576e-24,True
45,min_90day,frac_snow,0.3480942632092293,3.9619321646642424e-19,9.860808943164335e-18,True
45,month_01_Oct,frac_high_perc,-0.17730222915294508,8.801111742669318e-06,3.874653904559035e-05,True
45,month_01_Oct,runoff_ratio,0.37242065033317406,7.267641363457521e-22,2.8593657919513493e-20,True
45,month_01_Oct,area,-0.06995337251637165,0.08153449305663411,0.12595673410128305,False
45,month_01_Oct,dpsbar,-0.07670854856085432,0.05606480722624093,0.09217260050405848,False
45,month_01_Oct,elev_mean,-0.06577978239782736,0.10148530203347755,0.1500508756138546,False
45,month_01_Oct,p_seasonality,0.14141922674100205,0.0004080392602292887,0.0012607006109153194,True
45,month_01_Oct,frac_snow,0.05988968002825234,0.1360206861766513,0.1940677305959866,False
45,month_02_Nov,frac_high_perc,-0.17406301855580342,1.2874236132919196e-05,5.415641115068357e-05,True
45,month_02_Nov,runoff_ratio,0.19769363315245958,6.846647007381269e-07,3.5666254177986145e-06,True
45,month_02_Nov,area,0.03849719814750523,0.3381800327816514,0.4136224246421439,False
45,month_02_Nov,dpsbar,-0.22387045321957239,1.7073101663432917e-08,1.1951171164403044e-07,True
45,month_02_Nov,elev_mean,0.01665718712992792,0.6786636437493828,0.7415641765846915,False
45,month_02_Nov,p_seasonality,0.07024557594910351,0.08026594797689611,0.12464174937140193,False
45,month_02_Nov,frac_snow,0.13963034163540322,0.00048361921232127554,0.001480626127802804,True
45,month_03_Dec,frac_high_perc,0.011966601961217618,0.765996238524279,0.816091117381396,False
45,month_03_Dec,runoff_ratio,0.07952983168459735,0.04758915188784142,0.08030109245104691,False
45,month_03_Dec,area,0.14499915738525954,0.00028867516235867106,0.0009304062786811844,True
45,month_03_Dec,dpsbar,0.058511761239322065,0.14527770204013307,0.20420277836562947,False
45,month_03_Dec,elev_mean,0.1074592215817984,0.007356949295130921,0.016397578528451008,True
45,month_03_Dec,p_seasonality,-0.09275118275387073,0.02079556191096155,0.03930975416080496,True
45,month_03_Dec,frac_snow,0.1201586792341768,0.0027070817691315285,0.006775266103748183,True
45,month_04_Jan,frac_high_perc,-0.16967553051835202,2.1316790672053015e-05,8.60353353250428e-05,True
45,month_04_Jan,runoff_ratio,0.18007581596670047,6.3200978159667425e-06,2.8745216462468027e-05,True
45,month_04_Jan,area,0.14592298810454082,0.0002636699006685327,0.0008590844763600193,True
45,month_04_Jan,dpsbar,-0.15225523594365117,0.0001396631279476316,0.0004813006255426073,True
45,month_04_Jan,elev_mean,-0.05137809832211763,0.20103773681105724,0.2680503157480763,False
45,month_04_Jan,p_seasonality,0.01773876988191559,0.6590740284903397,0.7219197182485872,False
45,month_04_Jan,frac_snow,-0.15698507368538497,8.545966279702672e-05,0.0003070423221029553,True
45,month_05_Feb,frac_high_perc,0.16036620113888717,5.963197702219142e-05,0.00022170228801611416,True
45,month_05_Feb,runoff_ratio,0.1256207962511282,0.0017093055512493783,0.004558148136665009,True
45,month_05_Feb,area,0.07003501797524911,0.08117842203756075,0.12584059886791424,False
45,month_05_Feb,dpsbar,0.04074679637068043,0.31068764396043563,0.383967074466966,False
45,month_05_Feb,elev_mean,0.1922247996374853,1.3955455891257517e-06,6.946715821425964e-06,True
45,month_05_Feb,p_seasonality,-0.0057323934333490855,0.8866346322189234,0.9158978723329705,False
45,month_05_Feb,frac_snow,0.25543062468543853,1.0474725647491474e-10,9.675622866136454e-10,True
45,month_06_Mar,frac_high_perc,0.022268433637595,0.5796629222131807,0.645696816773625,False
45,month_06_Mar,runoff_ratio,0.21568159466497536,5.7007896652203236e-08,3.547158013914868e-07,True
45,month_06_Mar,area,-0.07805812586111623,0.051865711831747714,0.08653943724626807,False
45,month_06_Mar,dpsbar,-0.07728990610351762,0.054222556676411696,0.08963728926580236,False
45,month_06_Mar,elev_mean,-0.18796404099500785,2.3969276418848823e-06,1.1423655144302417e-05,True
45,month_06_Mar,p_seasonality,-0.1434979732804445,0.0003340835242592692,0.0010503117113554567,True
45,month_06_Mar,frac_snow,-0.19523230878903033,9.456914097994278e-07,4.8697672596568235e-06,True
45,month_07_Apr,frac_high_perc,-0.08375959549467568,0.036911552569576525,0.0653611681864438,False
45,month_07_Apr,runoff_ratio,0.22181666921400234,2.3203462876475807e-08,1.563180656941528e-07,True
45,month_07_Apr,area,0.05703822964877163,0.15570157481495162,0.21629242020805683,False
45,month_07_Apr,dpsbar,-0.11200110370142613,0.005202407814122284,0.01198292391119169,True
45,month_07_Apr,elev_mean,0.02106717604132103,0.6002842770253031,0.6648389520576904,False
45,month_07_Apr,p_seasonality,0.15945014146983605,6.578612532363042e-05,0.000242569416831164,True
45,month_07_Apr,frac_snow,0.03256090985432517,0.4179438058099823,0.4940338390577099,False
45,month_08_May,frac_high_perc,-0.049806534440485294,0.21518218154319138,0.2843705525998517,False
45,month_08_May,runoff_ratio,0.17973078675074278,6.587696692521737e-06,2.9661187118087822e-05,True
45,month_08_May,area,0.0028210431392812485,0.9440674768900801,0.9590526749359544,False
45,month_08_May,dpsbar,0.02699950822504578,0.5018440194906524,0.5764772326456725,False
45,month_08_May,elev_mean,-0.19925707114452235,5.56485965379073e-07,2.9679251486883893e-06,True
45,month_08_May,p_seasonality,-0.2600597950508298,4.6677276778824175e-11,4.4970795692286517e-10,True
45,month_08_May,frac_snow,-0.21117065241762023,1.0857313255070591e-07,6.573076132799493e-07,True
45,month_09_Jun,frac_high_perc,-0.08840468851753897,0.0276011273681095,0.050163509374900835,False
45,month_09_Jun,runoff_ratio,0.236785056103118,2.3161436237119877e-09,1.789021281763742e-08,True
45,month_09_Jun,area,-0.030632193195264737,0.44606526562511234,0.5210879765320738,False
45,month_09_Jun,dpsbar,0.06670771770128006,0.0967438055135931,0.1444707495669657,False
45,month_09_Jun,elev_mean,0.21971563392040833,3.166134398481217e-08,2.04090390002818e-07,True
45,month_09_Jun,p_seasonality,0.4247114677074654,1.3734558003469949e-28,1.3673515523454525e-26,True
45,month_09_Jun,frac_snow,0.3221534453057958,1.8361815002428955e-16,3.3575890290155804e-15,True
45,month_10_Jul,frac_high_perc,-0.03820698092307395,0.3418369855879638,0.4167155633834226,False
45,month_10_Jul,runoff_ratio,0.26601325927112074,1.612183181578521e-11,1.6796699194120404e-10,True
45,month_10_Jul,area,-0.03044658798014471,0.4488270183858609,0.5229505961947092,False
45,month_10_Jul,dpsbar,0.08841348155783008,0.027585623993247082,0.050163509374900835,False
45,month_10_Jul,elev_mean,0.2127025084751338,8.737676077357495e-08,5.325821609055996e-07,True
45,month_10_Jul,p_seasonality,0.4415213860168699,5.149670742070315e-31,1.0440783458373936e-28,True
45,month_10_Jul,frac_snow,0.48384669009947934,9.308317487672249e-38,8.340252468954336e-35,True
45,month_11_Aug,frac_high_perc,-0.11104952812953614,0.005599823248394375,0.01273462342782071,True
45,month_11_Aug,runoff_ratio,0.3516521882749253,1.6303368901238427e-19,4.296417216326362e-18,True
45,month_11_Aug,area,-0.09937014978926,0.013232991057524594,0.027070228282059444,True
45,month_11_Aug,dpsbar,0.04433842206940098,0.26992978742498164,0.34099462667655045,False
45,month_11_Aug,elev_mean,0.2002171019171664,4.895745301625961e-07,2.6266992756029106e-06,True
45,month_11_Aug,p_seasonality,0.2950505925888448,6.117927001332268e-14,8.565097801865175e-13,True
45,month_11_Aug,frac_snow,0.35533407623667024,6.42705949688053e-20,1.7450440330924107e-18,True
45,month_12_Sep,frac_high_perc,-0.07968976283160228,0.047142761377523164,0.07984860906287478,False
45,month_12_Sep,runoff_ratio,0.3357951697402938,7.824801268609515e-18,1.7100053504083235e-16,True
45,month_12_Sep,area,-0.08350686496251267,0.03748679777973627,0.06611844647764507,False
45,month_12_Sep,dpsbar,0.16354087742619883,4.2252081841227556e-05,0.00015973782839552697,True
45,month_12_Sep,elev_mean,0.022760140405954303,0.5713187428460585,0.6382812887656714,False
45,month_12_Sep,p_seasonality,0.1347905969919365,0.0007583190747246106,0.002177736829978369,True
45,month_12_Sep,frac_snow,0.21551266959071608,5.841478883084814e-08,3.6096310891337884e-07,True
45,number_of_reversals,frac_high_perc,-0.13656061292924132,0.0006443736644433537,0.0018992065899383055,True
45,number_of_reversals,runoff_ratio,0.13958202920053558,0.00048583044818529506,0.001480626127802804,True
45,number_of_reversals,area,0.07993929023094544,0.046453315066293785,0.07912960132965634,False
45,number_of_reversals,dpsbar,0.018640575167990982,0.6429163464126244,0.7068135538474988,False
45,number_of_reversals,elev_mean,0.09544916059451422,0.017349186901391558,0.03387655968925195,True
45,number_of_reversals,p_seasonality,0.28619386601218444,3.5907184993843776e-13,4.5961196792120035e-12,True
45,number_of_reversals,frac_snow,0.12123367824653877,0.0024764029549707673,0.006303571158107408,True
60,base_flow_index,frac_high_perc,-0.07441053049423263,0.06386307121914309,0.10273125998626967,False
60,base_flow_index,runoff_ratio,0.09955244269941255,0.01306457633303754,0.026786865891079256,True
60,base_flow_index,area,-0.11354119225092096,0.004612820573959777,0.010735291517579118,True
60,base_flow_index,dpsbar,0.04857241987191328,0.2267807063074858,0.29620337150365494,False
60,base_flow_index,elev_mean,0.09975782732517255,0.012877095953867034,0.02647463306789129,True
60,base_flow_index,p_seasonality,0.09775458174200159,0.014811210924090518,0.029688691248288823,True
60,base_flow_index,frac_snow,0.21592058187136873,5.5073313220206686e-08,3.475048496148253e-07,True
60,doy_max,frac_high_perc,-0.11761598184546831,0.0033326414405635755,0.00815859762498624,True
60,doy_max,runoff_ratio,-0.135266579268848,0.0007259696490101381,0.0020982864693970442,True
60,doy_max,area,0.058493531767479644,0.1454033176308835,0.20420277836562947,False
60,doy_max,dpsbar,-0.080809982699492,0.0441135528431446,0.0761977416957374,False
60,doy_max,elev_mean,-0.06940797434100021,0.08394562336525743,0.12901419988897198,False
60,doy_max,p_seasonality,0.1068876685434986,0.0076782195942097725,0.016945036345842258,True
60,doy_max,frac_snow,0.0007324131927231442,0.985467437929605,0.9865685188658392,False
60,doy_min,frac_high_perc,0.31643264087439726,6.580548981202128e-16,1.1338792090686743e-14,True
60,doy_min,runoff_ratio,0.06600250933902545,0.100330720590197,0.14898158190357202,False
60,doy_min,area,-0.12194443305144959,0.002333893085083979,0.0059918859720207605,True
60,doy_min,dpsbar,-0.08234544629858753,0.04022913029185859,0.07040097801075253,False
60,doy_min,elev_mean,-0.12673943721299424,0.00155222794672542,0.004151630567958139,True
60,doy_min,p_seasonality,-0.05222658984379561,0.19368842150333668,0.2612046189862528,False
60,doy_min,frac_snow,-0.12731993675449443,0.001476047776925789,0.00397158801238891,True
60,high_pulse_count,frac_high_perc,0.19856019883163872,6.104769609202801e-07,3.217572688144535e-06,True
60,high_pulse_count,runoff_ratio,0.10910299505586155,0.006498972341975859,0.014521394559626857,True
60,high_pulse_count,area,0.046533448054693005,0.24690544761713107,0.31739925547338516,False
60,high_pulse_count,dpsbar,-0.020363362562482154,0.612517965050702,0.676715285678704,False
60,high_pulse_count,elev_mean,-0.13676906625571036,0.0006320544996274955,0.0018752345419411785,True
60,high_pulse_count,p_seasonality,-0.15622159392909102,9.260032747817696e-05,0.00032794424276856343,True
60,high_pulse_count,frac_snow,-0.09720669912675767,0.015382803144810121,0.03049334428705723,True
60,high_pulse_duration_mean,frac_high_perc,0.0649060147382322,0.10611702129014969,0.15612619224297886,False
60,high_pulse_duration_mean,runoff_ratio,-0.03109483031144658,0.4392235457492268,0.5144369895311205,False
60,high_pulse_duration_mean,area,-0.044312721401225066,0.2702077956923558,0.34099462667655045,False
60,high_pulse_duration_mean,dpsbar,-0.0666449155460875,0.09705902877587798,0.14470031577901277,False
60,high_pulse_duration_mean,elev_mean,-0.07353332277028361,0.06706640976561826,0.10730625562498922,False
60,high_pulse_duration_mean,p_seasonality,-0.043690460495013586,0.27699870841634255,0.34809374858491293,False
60,high_pulse_duration_mean,frac_snow,-0.07056266690717898,0.07890750471002353,0.12295847690466276,False
60,low_pulse_count,frac_high_perc,0.40945405105550914,1.677210568978895e-26,1.2523172248375751e-24,True
60,low_pulse_count,runoff_ratio,-0.13023846264373037,0.0011425325301056934,0.003137867045983278,True
60,low_pulse_count,area,0.05208399072210429,0.19490960764672033,0.26222073341060276,False
60,low_pulse_count,dpsbar,0.09537370145478895,0.017438326861629154,0.03396682797395592,True
60,low_pulse_count,elev_mean,0.024710511117093804,0.5387951534613087,0.61031663400927,False
60,low_pulse_count,p_seasonality,-0.14931046365257852,0.00018827286357261887,0.0006328840849631112,True
60,low_pulse_count,frac_snow,0.01152771999369823,0.7743419971980572,0.8220502719069422,False
60,low_pulse_duration_mean,frac_high_perc,-0.0888754700292274,0.026781543246899107,0.049058414859246204,True
60,low_pulse_duration_mean,runoff_ratio,0.18987820113697068,1.8826608610280844e-06,9.020663804712105e-06,True
60,low_pulse_duration_mean,area,-0.0830919275429009,0.038447747514556214,0.06768012136157636,False
60,low_pulse_duration_mean,dpsbar,0.1725942338552931,1.526305183899272e-05,6.390511424176391e-05,True
60,low_pulse_duration_mean,elev_mean,0.10130994568493693,0.011535425328411241,0.02395136560584527,True
60,low_pulse_duration_mean,p_seasonality,0.2286223631841678,8.30007047499719e-09,5.9022723377757795e-08,True
60,low_pulse_duration_mean,frac_snow,0.23385319952636224,3.683336252599091e-09,2.8207429763493893e-08,True
60,max_1day,frac_high_perc,0.053671635794980355,0.18162823296310504,0.24732355126890898,False
60,max_1day,runoff_ratio,0.13293831617239513,0.0008973353690049209,0.0025524206051695526,True
60,max_1day,area,0.013002871911192815,0.7463993482582142,0.7992669852224116,False
60,max_1day,dpsbar,-0.09331220615132671,0.02003352220114898,0.038191565728147844,True
60,max_1day,elev_mean,0.08020660980638608,0.04572412318971058,0.0781847602633219,False
60,max_1day,p_seasonality,-0.048978915028267664,0.22291223308271468,0.292001989535252,False
60,max_1day,frac_snow,0.14212154492929374,0.00038149689008757075,0.0011827723651157904,True
60,max_30day,frac_high_perc,-0.04017083572098212,0.31758224918579697,0.3919472386645649,False
60,max_30day,runoff_ratio,0.1158564225649251,0.003839553911004918,0.009187130307280683,True
60,max_30day,area,0.009633057722785492,0.8106586074143042,0.8525236059192682,False
60,max_30day,dpsbar,-0.2064429436065322,2.1009379697532795e-07,1.1914179879107204e-06,True
60,max_30day,elev_mean,0.06425659339219936,0.1096666235286615,0.16108408964209953,False
60,max_30day,p_seasonality,0.010551891922470663,0.792990473643603,0.8398575229133194,False
60,max_30day,frac_snow,0.16268131840083763,4.64128999800639e-05,0.00017473091757200525,True
60,max_3day,frac_high_perc,0.046409349134055505,0.2481693790287604,0.3174012228048947,False
60,max_3day,runoff_ratio,0.10567813821258912,0.008399774861984387,0.01835658116180003,True
60,max_3day,area,0.031942465932765646,0.4268455321724179,0.5012855863295612,False
60,max_3day,dpsbar,-0.03625636694402539,0.36706736097112597,0.44384933256427644,False
60,max_3day,elev_mean,0.11854042933956896,0.003091421595957016,0.0076306163911225525,True
60,max_3day,p_seasonality,-0.047266982569348005,0.2395263719688811,0.30944185933606305,False
60,max_3day,frac_snow,0.15683611490235674,8.681074871369348e-05,0.0003098901627389218,True
60,max_7day,frac_high_perc,0.06824797788937889,0.0892653112997483,0.13533285774039674,False
60,max_7day,runoff_ratio,0.0669479167320608,0.09554570287719381,0.14339857584248852,False
60,max_7day,area,0.10958630006604829,0.006264388493435578,0.014032230225295693,True
60,max_7day,dpsbar,-0.07317517405413593,0.06841166676331689,0.10926355333321201,False
60,max_7day,elev_mean,0.10454994345083854,0.009126719587048875,0.019516803699273968,True
60,max_7day,p_seasonality,0.02541409376311386,0.5272940375236375,0.6003765670271705,False
60,max_7day,frac_snow,0.17508313892669766,1.1429357644408988e-05,4.853414430990737e-05,True
60,max_90day,frac_high_perc,0.0037939552620367563,0.9248273729149845,0.9437873873938794,False
60,max_90day,runoff_ratio,0.06861221232604872,0.08756653649714666,0.133208177761364,False
60,max_90day,area,0.06947655753220075,0.08363929757469034,0.12876427942770197,False
60,max_90day,dpsbar,-0.19834630331277298,6.280353880074506e-07,3.2907585242963495e-06,True
60,max_90day,elev_mean,0.12110017485155977,0.0025040409661849883,0.0063379115980275414,True
60,max_90day,p_seasonality,-0.05028430043712857,0.210808498561587,0.27941421897898716,False
60,max_90day,frac_snow,0.12048972762214577,0.0026340378683224067,0.006629488567463137,True
60,mean_fall_rate,frac_high_perc,0.05144518207871314,0.20044939621568147,0.26766417139977733,False
60,mean_fall_rate,runoff_ratio,0.10385747351626874,0.009600173196039462,0.020383306122396583,True
60,mean_fall_rate,area,-0.08734868873009852,0.02951834541638788,0.05321617201827674,False
60,mean_fall_rate,dpsbar,-0.10114794024051661,0.011669432114159332,0.02414736991752139,True
60,mean_fall_rate,elev_mean,-0.3682072777619516,2.2507800979140298e-21,7.756534491272964e-20,True
60,mean_fall_rate,p_seasonality,-0.2573040094078034,7.566849234900809e-11,7.212656291990559e-10,True
60,mean_fall_rate,frac_snow,-0.3223315453066247,1.763869273657516e-16,3.2925559774940302e-15,True
60,mean_rise_rate,frac_high_perc,0.07877677383629636,0.049738958676119896,0.08330113453047369,False
60,mean_rise_rate,runoff_ratio,0.131975337682102,0.0009785838750651513,0.0027572677737684767,True
60,mean_rise_rate,area,-0.005823829469189354,0.8848388482937419,0.9158978723329705,False
60,mean_rise_rate,dpsbar,-0.08430968572070752,0.035685364287487246,0.0635667721701562,False
60,mean_rise_rate,elev_mean,-0.17833019700813574,7.789188268262252e-06,3.472195367344765e-05,True
60,mean_rise_rate,p_seasonality,-0.206633938121548,2.0462579757919356e-07,1.1678007301334868e-06,True
60,mean_rise_rate,frac_snow,-0.17407347195577333,1.2858585276441828e-05,5.415641115068357e-05,True
60,min_1day,frac_high_perc,-0.17565537520896202,1.0687880871650574e-05,4.581981464592782e-05,True
60,min_1day,runoff_ratio,0.291790843516479,1.1819925054387672e-13,1.5806944550345305e-12,True
60,min_1day,area,-0.11684652222902181,0.003546324145545513,0.008611128548533279,True
60,min_1day,dpsbar,0.12495126403551943,0.0018101657097542817,0.004770319046881872,True
60,min_1day,elev_mean,0.1445949155182214,0.0003002993456612072,0.0009575381270905396,True
60,min_1day,p_seasonality,0.13143934539061675,0.0010266989982981518,0.0028747571952348248,True
60,min_1day,frac_snow,0.23787882482084302,1.9449840471243878e-09,1.528689215985484e-08,True
60,min_30day,frac_high_perc,-0.16245401456733177,4.757633818503531e-05,0.00017836150214975579,True
60,min_30day,runoff_ratio,0.37389740762548107,4.87085336969682e-22,2.078230771070643e-20,True
60,min_30day,area,-0.09740937970015487,0.015169132810228296,0.030203428884365672,True
60,min_30day,dpsbar,0.023213154508919268,0.563681996259447,0.6337002116040961,False
60,min_30day,elev_mean,0.08280069589466965,0.03913461433169305,0.06875414596313133,False
60,min_30day,p_seasonality,0.22136158918968063,2.4825749159876747e-08,1.6355787681801152e-07,True
60,min_30day,frac_snow,0.2620742965285092,3.267190520298339e-11,3.326593984303764e-10,True
60,min_3day,frac_high_perc,-0.17185469092981603,1.6619941238565744e-05,6.862427350117468e-05,True
60,min_3day,runoff_ratio,0.3387512970312824,3.866670942358945e-18,8.661342910884037e-17,True
60,min_3day,area,-0.10247982761702998,0.010607507342584562,0.02225837606312826,True
60,min_3day,dpsbar,0.11516642163264472,0.0040567176631255515,0.00966707187808642,True
60,min_3day,elev_mean,0.09020557567371905,0.024578303517302082,0.04540651536392302,True
60,min_3day,p_seasonality,0.13630277427772672,0.0006599195687456707,0.0019386489626102327,True
60,min_3day,frac_snow,0.20453706550490536,2.729631772946321e-07,1.5285937928499397e-06,True
60,min_7day,frac_high_perc,-0.19434177927644083,1.0618524805470377e-06,5.405794446421283e-06,True
60,min_7day,runoff_ratio,0.35639943302181304,4.898297357469787e-20,1.4157659459009447e-18,True
60,min_7day,area,-0.1046205105711758,0.009079658917842313,0.019462618158819885,True
60,min_7day,dpsbar,0.06522087659490283,0.10442907939876828,0.1540599613178074,False
60,min_7day,elev_mean,0.07833271002214207,0.051044320573209734,0.08532781946566403,False
60,min_7day,p_seasonality,0.15814002143091568,7.563688824992413e-05,0.00027549045476395125,True
60,min_7day,frac_snow,0.19140420188031973,1.5502309393896757e-06,7.590201757886063e-06,True
60,min_90day,frac_high_perc,-0.13716926376337643,0.0006090140320516901,0.001818921909061048,True
60,min_90day,runoff_ratio,0.3173842939897964,5.33175816919024e-16,9.367167293322462e-15,True
60,min_90day,area,-0.08358698836167663,0.03730360885733724,0.06592511545596483,False
60,min_90day,dpsbar,0.06052506692052396,0.13190820267206924,0.1885003980768326,False
60,min_90day,elev_mean,0.11274190105932237,0.004910820489338228,0.011399210255044175,True
60,min_90day,p_seasonality,0.34082542499223184,2.347282987568748e-18,5.392732197081022e-17,True
60,min_90day,frac_snow,0.3565658609110852,4.694357452255718e-20,1.4020480924070413e-18,True
60,month_01_Oct,frac_high_perc,-0.21690815984616085,4.7730802216709855e-08,3.0331062968916336e-07,True
60,month_01_Oct,runoff_ratio,0.2715366990202761,5.870563267902839e-12,6.658259098786005e-11,True
60,month_01_Oct,area,-0.0908549824152985,0.02356074625858583,0.043706891610130236,True
60,month_01_Oct,dpsbar,-0.1856856091153363,3.1850472556009754e-06,1.5099483285812032e-05,True
60,month_01_Oct,elev_mean,-0.14944531416641202,0.00018573766010263672,0.000628003560196085,True
60,month_01_Oct,p_seasonality,0.13062170356632222,0.0011043185977556056,0.0030633729522879954,True
60,month_01_Oct,frac_snow,0.0522061869096196,0.1938628031538595,0.2612046189862528,False
60,month_02_Nov,frac_high_perc,-0.17841426707293,7.711532253512514e-06,3.4547664495736064e-05,True
60,month_02_Nov,runoff_ratio,0.19470879190889037,1.0124092792472569e-06,5.183535509745955e-06,True
60,month_02_Nov,area,0.033362452540078906,0.40657042139785765,0.4831393867009025,False
60,month_02_Nov,dpsbar,-0.2609119430129708,4.0154072154097554e-11,4.042477376412518e-10,True
60,month_02_Nov,elev_mean,-0.05950242522141681,0.13857516889995844,0.19646099894677652,False
60,month_02_Nov,p_seasonality,-0.12965867829627392,0.0012026670969774206,0.003275348689640635,True
60,month_02_Nov,frac_snow,0.08928740377642136,0.026081690800179667,0.04788769458393644,True
60,month_03_Dec,frac_high_perc,-0.00830411220152313,0.8363815854270348,0.8744432911815906,False
60,month_03_Dec,runoff_ratio,0.17983912477602154,6.502528209058422e-06,2.9425582198567405e-05,True
60,month_03_Dec,area,0.06409928728704291,0.11054035732116375,0.16169872431981613,False
60,month_03_Dec,dpsbar,0.08080111924553661,0.04413686154027646,0.0761977416957374,False
60,month_03_Dec,elev_mean,0.15586717354018254,9.610287494800498e-05,0.00033900856674571835,True
60,month_03_Dec,p_seasonality,0.05043814497720571,0.20941388521787305,0.27797754245216927,False
60,month_03_Dec,frac_snow,0.21577721261255706,5.622611976114093e-08,3.522979252166593e-07,True
60,month_04_Jan,frac_high_perc,-0.1842727806813922,3.7924548609444064e-06,1.7884418712664147e-05,True
60,month_04_Jan,runoff_ratio,0.15704758421915346,8.489860513465758e-05,0.00030673044435747254,True
60,month_04_Jan,area,0.09912045801464509,0.013466779915559677,0.027423260918957887,True
60,month_04_Jan,dpsbar,-0.17553275630005333,1.0842800401889722e-05,4.626261504806282e-05,True
60,month_04_Jan,elev_mean,-0.06916690678509406,0.08502954395587313,0.130265469105208,False
60,month_04_Jan,p_seasonality,0.05959087233674121,0.13798851316178154,0.1960707689082682,False
60,month_04_Jan,frac_snow,-0.10448859269968291,0.009167810313767018,0.019557995336036305,True
60,month_05_Feb,frac_high_perc,0.0631143013540826,0.11613661730513937,0.16837930275955482,False
60,month_05_Feb,runoff_ratio,0.14735456141211686,0.00022888978673007223,0.000756772136199796,True
60,month_05_Feb,area,0.0265833461009447,0.5084611361912289,0.5818405849646757,False
60,month_05_Feb,dpsbar,0.07441261342195166,0.0638556176325769,0.10273125998626967,False
60,month_05_Feb,elev_mean,0.3071607981984604,4.916492739691542e-15,7.72838156976074e-14,True
60,month_05_Feb,p_seasonality,0.19197582599970733,1.4408404775668734e-06,7.0933685049446076e-06,True
60,month_05_Feb,frac_snow,0.4401724042649359,8.156862076854637e-31,1.0440783458373936e-28,True
60,month_06_Mar,frac_high_perc,0.04648603310712657,0.24738783067395329,0.3174012228048947,False
60,month_06_Mar,runoff_ratio,0.2375531661522527,2.048983746529871e-09,1.596425597296317e-08,True
60,month_06_Mar,area,-0.059667609433327606,0.13748107686785763,0.19583949900413422,False
60,month_06_Mar,dpsbar,-0.17670359147431913,9.446910956362053e-06,4.089097689323864e-05,True
60,month_06_Mar,elev_mean,-0.32383956197639807,1.2538748755080463e-16,2.4423301922939337e-15,True
60,month_06_Mar,p_seasonality,-0.13671145990304534,0.0006354368803652878,0.001879047672631346,True
60,month_06_Mar,frac_snow,-0.34666210382521034,5.646098015697015e-19,1.3672713032606825e-17,True
60,month_07_Apr,frac_high_perc,0.052710725145975065,0.1895842191331878,0.2569855678416585,False
60,month_07_Apr,runoff_ratio,0.18166031353492706,5.218899997789352e-06,2.3980176400098763e-05,True
60,month_07_Apr,area,0.02541128597212572,0.5273396855473026,0.6003765670271705,False
60,month_07_Apr,dpsbar,-0.09192519713602026,0.021963338002863472,0.04121257583470145,True
60,month_07_Apr,elev_mean,-0.057729138859503634,0.15074561268877168,0.21071461617650455,False
60,month_07_Apr,p_seasonality,0.007053879841037773,0.8607419217930667,0.8946922992187794,False
60,month_07_Apr,frac_snow,-0.03198616264635853,0.4262129758035683,0.5012855863295612,False
60,month_08_May,frac_high_perc,-0.050250049585013376,0.2111198953669356,0.27941421897898716,False
60,month_08_May,runoff_ratio,0.25548396384813055,1.0378563733736115e-10,9.675622866136454e-10,True
60,month_08_May,area,0.014246362342117097,0.7230989082114506,0.7811332193242569,False
60,month_08_May,dpsbar,0.051915874362265545,0.1963565423020504,0.2629827532176938,False
60,month_08_May,elev_mean,-0.20709523261231608,1.9197931614957165e-07,1.1097643049678466e-06,True
60,month_08_May,p_seasonality,-0.276389124735704,2.3708836241876515e-12,2.7588463990547216e-11,True
60,month_08_May,frac_snow,-0.3294140683560577,3.4923040270691096e-17,7.111600927849823e-16,True
60,month_09_Jun,frac_high_perc,0.002252744655943148,0.9553218320273206,0.9661042454813535,False
60,month_09_Jun,runoff_ratio,0.23885063135601842,1.6642196097808738e-09,1.3195936020917372e-08,True
60,month_09_Jun,area,-0.04184736340671487,0.29778922932345386,0.370068168479632,False
60,month_09_Jun,dpsbar,-0.03267800932136324,0.41627067271254853,0.4927061066716559,False
60,month_09_Jun,elev_mean,0.06400013375978969,0.11109390308897069,0.16185388157352476,False
60,month_09_Jun,p_seasonality,0.3482878914454741,3.776128862012659e-19,9.666889886752407e-18,True
60,month_09_Jun,frac_snow,0.20939486136076743,1.3937659139092833e-07,8.32542839241812e-07,True
60,month_10_Jul,frac_high_perc,-0.1651963392756401,3.521326776988064e-05,0.00013599606862850453,True
60,month_10_Jul,runoff_ratio,0.3640441440584521,6.7662361961113186e-21,2.245388011746571e-19,True
60,month_10_Jul,area,-0.05200530655021941,0.19558584806716928,0.2626657321696815,False
60,month_10_Jul,dpsbar,0.07163382615844457,0.07445595771089747,0.11745165160028898,False
60,month_10_Jul,elev_mean,0.2225121975579109,2.0920597529231962e-08,1.430904991312354e-07,True
60,month_10_Jul,p_seasonality,0.4405659980852931,7.134052181840206e-31,1.0440783458373936e-28,True
60,month_10_Jul,frac_snow,0.44079934057841,6.588767241197192e-31,1.0440783458373936e-28,True
60,month_11_Aug,frac_high_perc,-0.17003524778454476,2.046308675660484e-05,8.334057151780881e-05,True
60,month_11_Aug,runoff_ratio,0.40779736676896267,2.7847174608285005e-26,1.7822191749302403e-24,True
60,month_11_Aug,area,-0.10994577528048895,0.006094869850561725,0.0137556760355247,True
60,month_11_Aug,dpsbar,0.010118571735406007,0.8013101197956435,0.8456700439774989,False
60,month_11_Aug,elev_mean,0.1432848622579679,0.00034104552919179076,0.001064727505769493,True
60,month_11_Aug,p_seasonality,0.2645051225193939,2.115752325427201e-11,2.1789817052675542e-10,True
60,month_11_Aug,frac_snow,0.2919807830870139,1.1377580530490248e-13,1.5445927508059487e-12,True
60,month_12_Sep,frac_high_perc,-0.19092999126678037,1.6469822244994396e-06,7.976735530548638e-06,True
60,month_12_Sep,runoff_ratio,0.3569329382787929,4.273678698197302e-20,1.3204193495119938e-18,True
60,month_12_Sep,area,-0.09544492900766408,0.01735417510866813,0.03387655968925195,True
60,month_12_Sep,dpsbar,0.1348564551812011,0.0007537648895908675,0.002171618460043142,True
60,month_12_Sep,elev_mean,-0.022822924709232428,0.5702574222569202,0.6378909492411992,False
60,month_12_Sep,p_seasonality,0.10279661406466305,0.01036791598851529,0.02180669653922465,True
60,month_12_Sep,frac_snow,0.12377825606128764,0.0020001169059549397,0.0052247951829027,True
60,number_of_reversals,frac_high_perc,-0.14412548510092277,0.00031434639033267044,0.0009987743465889104,True
60,number_of_reversals,runoff_ratio,0.19281261783808545,1.2939616538077123e-06,6.477037105093353e-06,True
60,number_of_reversals,area,0.11784276966705329,0.003271931947656772,0.00803192061671361,True
60,number_of_reversals,dpsbar,0.05739208279812163,0.153148155925741,0.21307569520103095,False
60,number_of_reversals,elev_mean,0.15352121548882322,0.00012262774328101753,0.00042422570648568226,True
60,number_of_reversals,p_seasonality,0.26850555663578535,1.0249255646289194e-11,1.0932539356041807e-10,True
60,number_of_reversals,frac_snow,0.1605321661495573,5.8576891896220605e-05,0.0002186870630792236,True
85,base_flow_index,frac_high_perc,0.05504091073971601,0.1707220067025616,0.2346118374317411,False
85,base_flow_index,runoff_ratio,-0.08766035080989962,0.028940966321977468,0.05228045529131413,False
85,base_flow_index,area,-0.08649654928701953,0.031147704594795517,0.05604085003400961,False
85,base_flow_index,dpsbar,0.06519993363184891,0.10454068803708359,0.1540599613178074,False
85,base_flow_index,elev_mean,0.004888250019448589,0.9032396820209775,0.9270363746744512,False
85,base_flow_index,p_seasonality,-0.07679113332895865,0.055799979695711696,0.09190584891058398,False
85,base_flow_index,frac_snow,0.08393076026950741,0.0365262348482937,0.06480694341400228,False
85,doy_max,frac_high_perc,0.03496518043782071,0.3843887840257895,0.4616787540041654,False
85,doy_max,runoff_ratio,-0.014219781986822506,0.7235943884365327,0.7811332193242569,False
85,doy_max,area,0.03462535350037447,0.3890292154676213,0.46538074373696753,False
85,doy_max,dpsbar,-0.04283540092774525,0.2865180098238355,0.3580476106027289,False
85,doy_max,elev_mean,0.023033759224811684,0.5667003028441119,0.6354987125761254,False
85,doy_max,p_seasonality,0.13959504972414347,0.0004852335812676143,0.001480626127802804,True
85,doy_max,frac_snow,0.0332360202276055,0.4083520758721646,0.48461385428007875,False
85,doy_min,frac_high_perc,0.37238404831015437,7.3398898677322585e-22,2.8593657919513493e-20,True
85,doy_min,runoff_ratio,0.05900728300426127,0.14189482925565447,0.20053275554111422,False
85,doy_min,area,-0.1277816342164499,0.0014179287570071585,0.003838260321082822,True
85,doy_min,dpsbar,0.003943713494731313,0.9218693942761634,0.9418414792148716,False
85,doy_min,elev_mean,-0.07493997236892799,0.06199143791722154,0.10080640358226951,False
85,doy_min,p_seasonality,-0.08067392024233885,0.04447250745633391,0.07648246963699651,False
85,doy_min,frac_snow,-0.0631218376365559,0.1160929717492034,0.16837930275955482,False
85,high_pulse_count,frac_high_perc,0.32007608404915944,2.928115213289705e-16,5.247182462215151e-15,True
85,high_pulse_count,runoff_ratio,0.1461643965711421,0.00025747789228505746,0.0008419715017788739,True
85,high_pulse_count,area,0.027744465031632817,0.4901134533113408,0.5651758740887534,False
85,high_pulse_count,dpsbar,0.005796942604934633,0.8853668396546008,0.9158978723329705,False
85,high_pulse_count,elev_mean,-0.13542653319699355,0.0007153889553806769,0.0020743964531426745,True
85,high_pulse_count,p_seasonality,-0.20340121197488256,3.1867527662995096e-07,1.7629091941232801e-06,True
85,high_pulse_count,frac_snow,-0.12505674893575777,0.0017939213503461423,0.0047414558404429005,True
85,high_pulse_duration_mean,frac_high_perc,0.11661568189117431,0.0036128123144424356,0.008748864415514656,True
85,high_pulse_duration_mean,runoff_ratio,-0.005553136402797065,0.8901568786495201,0.9167592681264023,False
85,high_pulse_duration_mean,area,-0.0063402252745847,0.8747082841012807,0.9081559936903215,False
85,high_pulse_duration_mean,dpsbar,-0.07278362772066534,0.06990760734337535,0.11145412131612867,False
85,high_pulse_duration_mean,elev_mean,-0.09190942926731648,0.021986173268959033,0.04121257583470145,True
85,high_pulse_duration_mean,p_seasonality,-0.1841409737999024,3.854456416771723e-06,1.808163847867782e-05,True
85,high_pulse_duration_mean,frac_snow,-0.044167024080702014,0.27178752912666926,0.34250580323135815,False
85,low_pulse_count,frac_high_perc,0.4351379780510549,4.45759222612171e-30,4.992503293256315e-28,True
85,low_pulse_count,runoff_ratio,-0.30689573430736294,5.2020343342881775e-15,8.036246144003805e-14,True
85,low_pulse_count,area,0.05941950947920111,0.13912687481695724,0.19693156372194895,False
85,low_pulse_count,dpsbar,0.11417278073711076,0.004389008215994707,0.010267758124102501,True
85,low_pulse_count,elev_mean,-0.013188218818594555,0.7429110278598566,0.7978928969040255,False
85,low_pulse_count,p_seasonality,-0.19350206016913513,1.1838481391983616e-06,5.992813179218825e-06,True
85,low_pulse_count,frac_snow,-0.013841037555492021,0.7306669702839391,0.7868721218442422,False
85,low_pulse_duration_mean,frac_high_perc,-0.0029656933525140546,0.941204570139976,0.9583173805061574,False
85,low_pulse_duration_mean,runoff_ratio,0.13222215571774304,0.0009571354408015821,0.0027053418137483205,True
85,low_pulse_duration_mean,area,-0.04501543812447435,0.2626768264442173,0.3331343380842376,False
85,low_pulse_duration_mean,dpsbar,0.08251455533937063,0.03981957039713312,0.06982061658675395,False
85,low_pulse_duration_mean,elev_mean,-0.03167055076733946,0.4307940422500841,0.5052244265131877,False
85,low_pulse_duration_mean,p_seasonality,-0.0011305589338305826,0.9775691303875431,0.9828137171469569,False
85,low_pulse_duration_mean,frac_snow,0.13021233782257732,0.0011451813884336293,0.003137867045983278,True
85,max_1day,frac_high_perc,0.005240206489725757,0.8963108276926767,0.9209799330420164,False
85,max_1day,runoff_ratio,0.22521596516724127,1.394193614043537e-08,9.836200615614246e-08,True
85,max_1day,area,0.021213709435549913,0.597751161553932,0.6628527732083207,False
85,max_1day,dpsbar,-0.13821220563797373,0.0005525815995054493,0.0016726794363408196,True
85,max_1day,elev_mean,-0.06401386902665046,0.11101709303326093,0.16185388157352476,False
85,max_1day,p_seasonality,-0.22964754981285523,7.089161461978684e-09,5.2064661228958205e-08,True
85,max_1day,frac_snow,-0.03299882623703469,0.411707045439769,0.48794909089157806,False
85,max_30day,frac_high_perc,-0.08629992317255519,0.03153441686953945,0.05662292087195861,False
85,max_30day,runoff_ratio,0.15421243451652594,0.00011417150481534215,0.00039650259036645957,True
85,max_30day,area,0.036405134479846,0.36510328558699434,0.4420710052512797,False
85,max_30day,dpsbar,-0.21789711461969272,4.1330841483063916e-08,2.6451738549160906e-07,True
85,max_30day,elev_mean,-0.03848156501657503,0.33837638087353955,0.4136224246421439,False
85,max_30day,p_seasonality,-0.20871969833778337,1.5317302897819022e-07,9.029146971345949e-07,True
85,max_30day,frac_snow,0.03680828207126848,0.3598137993496603,0.43625597323044063,False
85,max_3day,frac_high_perc,-0.013375070948858273,0.7393997008249207,0.7953206866015954,False
85,max_3day,runoff_ratio,0.2395423029866181,1.4888195560738672e-09,1.2017858758938604e-08,True
85,max_3day,area,0.023780223191109687,0.5541922778212421,0.6269650011715063,False
85,max_3day,dpsbar,-0.08003950305093854,0.0461788192963395,0.07881185159908607,False
85,max_3day,elev_mean,-0.00789384747233029,0.8443593987686546,0.8797046759264122,False
85,max_3day,p_seasonality,-0.2102333760112873,1.2390530383775493e-07,7.450949814673049e-07,True
85,max_3day,frac_snow,0.0027356503032592676,0.9457579066043389,0.9596818621942103,False
85,max_7day,frac_high_perc,0.00011180614553727569,0.997781419958203,0.997781419958203,False
85,max_7day,runoff_ratio,0.20920715353246325,1.430869953082806e-07,8.490460118954928e-07,True
85,max_7day,area,0.058246497016801874,0.1471137748086511,0.20614264131015372,False
85,max_7day,dpsbar,-0.11448317791544296,0.004282654103705528,0.010055027535576664,True
85,max_7day,elev_mean,-0.0274807121477703,0.4942497741116452,0.5692131074601982,False
85,max_7day,p_seasonality,-0.22894094723397926,7.90375850384983e-09,5.711102918910844e-08,True
85,max_7day,frac_snow,-0.030549080721367375,0.44730076022837034,0.5218508869330988,False
85,max_90day,frac_high_perc,0.022241699031526244,0.5801182338200537,0.645696816773625,False
85,max_90day,runoff_ratio,0.02721806357562853,0.4983872136411324,0.5732412624165014,False
85,max_90day,area,0.047253134414266804,0.23966422663534415,0.30944185933606305,False
85,max_90day,dpsbar,-0.182864804143188,4.507059300725357e-06,2.092396442202031e-05,True
85,max_90day,elev_mean,0.07136001967205119,0.07557390038715893,0.11879686797700771,False
85,max_90day,p_seasonality,-0.1909548656534251,1.64176646623574e-06,7.976735530548638e-06,True
85,max_90day,frac_snow,0.12451861411038509,0.0018782131707917112,0.0049351290352767545,True
85,mean_fall_rate,frac_high_perc,0.1544007646512973,0.00011196445797473348,0.00039035079511813694,True
85,mean_fall_rate,runoff_ratio,0.2547792146042155,1.172155305375603e-10,1.0608597511278185e-09,True
85,mean_fall_rate,area,-0.20692170333040283,1.966456139338047e-07,1.129451731312109e-06,True
85,mean_fall_rate,dpsbar,-0.15007513396338792,0.00017431521310774865,0.0005916152687293287,True
85,mean_fall_rate,elev_mean,-0.36189600510169206,1.1865110875563359e-20,3.796835480180275e-19,True
85,mean_fall_rate,p_seasonality,-0.22371666709823523,1.7471652141530435e-08,1.2135349084349822e-07,True
85,mean_fall_rate,frac_snow,-0.27926507075849705,1.3734761020836105e-12,1.6630197127931284e-11,True
85,mean_rise_rate,frac_high_perc,0.1472873778182227,0.00023042097085960653,0.0007590337863610569,True
85,mean_rise_rate,runoff_ratio,0.14350232115867437,0.00033394287659935245,0.0010503117113554567,True
85,mean_rise_rate,area,-0.05822767218054065,0.14724474379296695,0.20614264131015372,False
85,mean_rise_rate,dpsbar,-0.057662730507550414,0.1512166918083231,0.21104385648015186,False
85,mean_rise_rate,elev_mean,-0.07955966735952426,0.04750560835385582,0.08030109245104691,False
85,mean_rise_rate,p_seasonality,-0.295374470726731,5.727785375143762e-14,8.146183644648906e-13,True
85,mean_rise_rate,frac_snow,-0.08211819485803479,0.04078511138805764,0.07123481443216305,False
85,min_1day,frac_high_perc,-0.07470944004021884,0.06280075308448026,0.1019374542820549,False
85,min_1day,runoff_ratio,0.1386753578651311,0.0005291132197106871,0.0016070693046127988,True
85,min_1day,area,-0.07990552268429259,0.046546116798298016,0.079137230837334,False
85,min_1day,dpsbar,0.1684667299102905,2.4440191199431992e-05,9.646877231141438e-05,True
85,min_1day,elev_mean,0.06996717041572986,0.08147422923674473,0.12595673410128305,False
85,min_1day,p_seasonality,0.00219379796912976,0.9564897358779632,0.9661948177527114,False
85,min_1day,frac_snow,0.09725474375747656,0.015331915855333039,0.030459859437646123,True
85,min_30day,frac_high_perc,-0.051072747659924825,0.2037316178330598,0.2712385283483233,False
85,min_30day,runoff_ratio,0.2843127595384017,5.187637377567638e-13,6.5466522398600055e-12,True
85,min_30day,area,-0.0932621248318536,0.020100545203755107,0.03823797983559358,True
85,min_30day,dpsbar,0.09108780922139231,0.02320491653531068,0.043225790469102646,True
85,min_30day,elev_mean,-0.04923928368161753,0.22045928078645888,0.28963565334995184,False
85,min_30day,p_seasonality,0.11258699524427386,0.004970544719379703,0.011508031184920449,True
85,min_30day,frac_snow,0.11997037821354103,0.0027494484451909065,0.006862133166827444,True
85,min_3day,frac_high_perc,-0.05663560749655024,0.15864596679324455,0.2200414647782463,False
85,min_3day,runoff_ratio,0.17721516035253737,8.892351867429437e-06,3.886608425959403e-05,True
85,min_3day,area,-0.07107908938427028,0.07673509545558327,0.12025721907775451,False
85,min_3day,dpsbar,0.17119908134498152,1.7918037681480197e-05,7.364477872755163e-05,True
85,min_3day,elev_mean,0.03194036168892041,0.426876007108767,0.5012855863295612,False
85,min_3day,p_seasonality,0.005647712215403559,0.8882982712693653,0.9158978723329705,False
85,min_3day,frac_snow,0.07889689814385253,0.049390681519756244,0.08287275401067713,False
85,min_7day,frac_high_perc,-0.07107037415435755,0.07677134967910221,0.12025721907775451,False
85,min_7day,runoff_ratio,0.14398350471199894,0.0003187143473773008,0.0010090744001768957,True
85,min_7day,area,-0.06689385745383555,0.09581430946871107,0.14356123960529285,False
85,min_7day,dpsbar,0.11364048670106841,0.004576964695740572,0.010679584290061335,True
85,min_7day,elev_mean,0.002891883788328718,0.942665311436413,0.9587152316084291,False
85,min_7day,p_seasonality,0.04637483719171667,0.24852167987755913,0.3174012228048947,False
85,min_7day,frac_snow,0.08104292547242224,0.043504676594617625,0.07554267177598414,False
85,min_90day,frac_high_perc,-0.05635517046032276,0.16072152517564706,0.22230142699832842,False
85,min_90day,runoff_ratio,0.25085642161717225,2.2921092470069236e-10,2.013460671880592e-09,True
85,min_90day,area,-0.09349789816679084,0.019786709037284068,0.03788224636197975,True
85,min_90day,dpsbar,-0.024838328924886147,0.5366964894021268,0.6087089297522855,False
85,min_90day,elev_mean,-0.09519042458744426,0.017656501996363486,0.034317192600307335,True
85,min_90day,p_seasonality,0.0948344318837038,0.01808710873870333,0.03507802906900039,True
85,min_90day,frac_snow,0.14718773205125946,0.00023270967029748353,0.000763765071745587,True
85,month_01_Oct,frac_high_perc,-0.14554613773190722,0.0002736149547939105,0.000888257244548347,True
85,month_01_Oct,runoff_ratio,0.40819994649216534,2.4625601194110538e-26,1.6972722053786953e-24,True
85,month_01_Oct,area,-0.10497946146170384,0.008843607069512966,0.01900209096950508,True
85,month_01_Oct,dpsbar,-0.010201847498125603,0.7997094671521328,0.8449760407645177,False
85,month_01_Oct,elev_mean,-0.04972890271233224,0.2158989731120086,0.28489761400347524,False
85,month_01_Oct,p_seasonality,0.15994345465868098,6.240117896814643e-05,0.00023103907584900497,True
85,month_01_Oct,frac_snow,0.00793422884317855,0.8435734407730909,0.8797046759264122,False
85,month_02_Nov,frac_high_perc,-0.17219693836614758,1.59783254013541e-05,6.658874213773616e-05,True
85,month_02_Nov,runoff_ratio,0.3936186326499964,1.90326816181049e-24,1.0658301706138745e-22,True
85,month_02_Nov,area,-0.09299842798884855,0.02045667571755872,0.038833011531636895,True
85,month_02_Nov,dpsbar,-0.23108494643996894,5.675767920481122e-09,4.202882691529823e-08,True
85,month_02_Nov,elev_mean,-0.0187647978818617,0.6407035687020842,0.705246188645046,False
85,month_02_Nov,p_seasonality,0.08072879625033394,0.04432744099823067,0.07637959064310515,False
85,month_02_Nov,frac_snow,0.1232969204884524,0.002083212617496706,0.005410314508049417,True
85,month_03_Dec,frac_high_perc,-0.10557177258412806,0.008466034261995643,0.0184536132153577,True
85,month_03_Dec,runoff_ratio,0.16462304172082814,3.751460499248234e-05,0.00014364566697976143,True
85,month_03_Dec,area,0.046596078873566565,0.24626927168252738,0.31739925547338516,False
85,month_03_Dec,dpsbar,-0.07103426826264854,0.07692169391266539,0.12028243934685547,False
85,month_03_Dec,elev_mean,0.06991763895547387,0.08169073098663068,0.12598088634082805,False
85,month_03_Dec,p_seasonality,0.017931163007769542,0.6556132380240789,0.7190079085306912,False
85,month_03_Dec,frac_snow,0.19886181475939368,5.865177663545412e-07,3.109585317477331e-06,True
85,month_04_Jan,frac_high_perc,-0.20339971152648006,3.1874027840175377e-07,1.7629091941232801e-06,True
85,month_04_Jan,runoff_ratio,0.14755309351258075,0.00022442051884766473,0.0007447436477315097,True
85,month_04_Jan,area,0.12031159992699264,0.0026731142708431668,0.006708992679763242,True
85,month_04_Jan,dpsbar,-0.18338340274237508,4.230043901036342e-06,1.974020487150293e-05,True
85,month_04_Jan,elev_mean,-0.05167313955232125,0.1984595248108178,0.26540258840372055,False
85,month_04_Jan,p_seasonality,-0.06674569334335753,0.09655359078299462,0.1444274079157983,False
85,month_04_Jan,frac_snow,-0.07458582819813513,0.06323828615487509,0.10227708374506875,False
85,month_05_Feb,frac_high_perc,0.06416838714765123,0.11015587914002313,0.16153791769142506,False
85,month_05_Feb,runoff_ratio,0.16759706659469392,2.695088087736864e-05,0.00010544973478656026,True
85,month_05_Feb,area,0.09609471213437244,0.016602748720186758,0.032551559854020425,True
85,month_05_Feb,dpsbar,0.10705911215284936,0.007580558607749841,0.016770816080355206,True
85,month_05_Feb,elev_mean,0.3312144225366248,2.29807385114439e-17,4.902557549108032e-16,True
85,month_05_Feb,p_seasonality,0.06408383657929068,0.1106264709911242,0.16169872431981613,False
85,month_05_Feb,frac_snow,0.47154378425139243,1.0643279445757834e-35,4.7681891916995104e-33,True
85,month_06_Mar,frac_high_perc,-0.02491693033763216,0.5354079581074266,0.6080171488773818,False
85,month_06_Mar,runoff_ratio,0.19652220765911915,7.988387322752542e-07,4.1373381740961145e-06,True
85,month_06_Mar,area,-0.036172985622158045,0.3681710544503758,0.44458391480800097,False
85,month_06_Mar,dpsbar,-0.1235440113849379,0.002040169258514734,0.005313929231480237,True
85,month_06_Mar,elev_mean,-0.11232658898632077,0.005072422925391314,0.011713636446264478,True
85,month_06_Mar,p_seasonality,-0.14929351388432727,0.00018859380656824855,0.0006328840849631112,True
85,month_06_Mar,frac_snow,-0.07453106814293692,0.06343291499978543,0.1024070123239779,False
85,month_07_Apr,frac_high_perc,0.013153074277887419,0.7435720635210507,0.7978928969040255,False
85,month_07_Apr,runoff_ratio,0.3027715586860242,1.2429440735071257e-14,1.8875896438345502e-13,True
85,month_07_Apr,area,0.035472476714109,0.37752468094276215,0.4546533791998856,False
85,month_07_Apr,dpsbar,-0.107245836326605,0.007475458415779795,0.016620374046001727,True
85,month_07_Apr,elev_mean,-0.1367930385271704,0.0006306518871553853,0.0018752345419411785,True
85,month_07_Apr,p_seasonality,0.10718852347964054,0.007507578208216304,0.016650470481588634,True
85,month_07_Apr,frac_snow,-0.16570938592829265,3.3267777755736765e-05,0.0001290386531131608,True
85,month_08_May,frac_high_perc,0.03478646065978064,0.38682502684321335,0.46336259899935717,False
85,month_08_May,runoff_ratio,0.3744957947309632,4.139332144822314e-22,1.8544208008803968e-20,True
85,month_08_May,area,0.010884502882382414,0.7866202755803979,0.8340967655858421,False
85,month_08_May,dpsbar,-0.05634844281585384,0.1607715677398625,0.22230142699832842,False
85,month_08_May,elev_mean,-0.09827502159285725,0.01428562714297209,0.028763869483377513,True
85,month_08_May,p_seasonality,0.06606984690276183,0.09998371726627565,0.14881297453585213,False
85,month_08_May,frac_snow,-0.03763026780779949,0.34917860016465563,0.42451021132636557,False
85,month_09_Jun,frac_high_perc,0.06825153453190316,0.0892485961554521,0.13533285774039674,False
85,month_09_Jun,runoff_ratio,0.22253996962727385,2.0834114543103344e-08,1.430904991312354e-07,True
85,month_09_Jun,area,-0.12440419193053515,0.0018965973790362619,0.004968863308820149,True
85,month_09_Jun,dpsbar,-0.028635285871309903,0.4762814891805647,0.5527826610178574,False
85,month_09_Jun,elev_mean,0.07940376590767226,0.047943512892179505,0.080744036387071,False
85,month_09_Jun,p_seasonality,0.2692686294446177,8.913591796494955e-12,9.739729572755463e-11,True
85,month_09_Jun,frac_snow,0.3074272125815346,4.645019863862813e-15,7.4320317821805e-14,True
85,month_10_Jul,frac_high_perc,-0.050504150248315,0.20881758988427104,0.27759727082538105,False
85,month_10_Jul,runoff_ratio,0.2915971025655532,1.2288482800680118e-13,1.6191883219719686e-12,True
85,month_10_Jul,area,-0.13032042221614226,0.0011342590735066449,0.0031270650149598576,True
85,month_10_Jul,dpsbar,0.06054357863697294,0.13178984439819885,0.1885003980768326,False
85,month_10_Jul,elev_mean,0.0691622578898131,0.08505055739569942,0.130265469105208,False
85,month_10_Jul,p_seasonality,0.21536877938960441,5.963959632674014e-08,3.6600738567643265e-07,True
85,month_10_Jul,frac_snow,0.36922531739161035,1.7154344299881393e-21,6.14811699707749e-20,True
85,month_11_Aug,frac_high_perc,-0.1373084564511064,0.000601184818538026,0.0018015438040470612,True
85,month_11_Aug,runoff_ratio,0.3892340393948761,6.747232117205431e-24,3.35862220945337e-22,True
85,month_11_Aug,area,-0.13040307644621893,0.0011259714781566574,0.0031137976679887812,True
85,month_11_Aug,dpsbar,0.04736224616556928,0.23857956001778652,0.3093593137133672,False
85,month_11_Aug,elev_mean,0.07590096309676694,0.058709963343354904,0.09634455523012087,False
85,month_11_Aug,p_seasonality,0.2492684890567991,2.9973192746172197e-10,2.5823058365932968e-09,True
85,month_11_Aug,frac_snow,0.23970740460252363,1.4496873727926503e-09,1.1808362600201952e-08,True
85,month_12_Sep,frac_high_perc,-0.09354273901580737,0.019727507210980363,0.03784977828916147,True
85,month_12_Sep,runoff_ratio,0.35555772849651834,6.071336799669529e-20,1.6999743039074681e-18,True
85,month_12_Sep,area,-0.09874242934039826,0.013827661778615264,0.02803073518922913,True
85,month_12_Sep,dpsbar,0.24876097051574203,3.2643544537914784e-10,2.7593033873558156e-09,True
85,month_12_Sep,elev_mean,0.00963790480820876,0.8105651419739524,0.8525236059192682,False
85,month_12_Sep,p_seasonality,0.03483432372220873,0.38617165541539294,0.4631992011408194,False
85,month_12_Sep,frac_snow,0.11594144144300735,0.0038135381399724447,0.009160670706207267,True
85,number_of_reversals,frac_high_perc,-0.1668850725482105,2.918661387750454e-05,0.00011370089580106118,True
85,number_of_reversals,runoff_ratio,0.2949144876186799,6.289549747265784e-14,8.669902420846372e-13,True
85,number_of_reversals,area,0.019212708678781235,0.63275147336602,0.6982085223349186,False
85,number_of_reversals,dpsbar,0.05743092450016857,0.15286981923094567,0.21301921933270188,False
85,number_of_reversals,elev_mean,0.13556820788442214,0.0007061369493157822,0.002065353464911981,True
85,number_of_reversals,p_seasonality,0.3302116643286209,2.902301051516086e-17,6.04758544688003e-16,True
85,number_of_reversals,frac_snow,0.25069751823139264,2.3546664186222276e-10,2.0483311758111805e-09,True
