rcp,parameter,attribute,r,p,p_fdr,sig_fdr
26,base_flow_index,frac_high_perc,-0.23659818117526277,2.3860927944001664e-09,7.0010287148016346e-09,True
26,base_flow_index,runoff_ratio,0.5078184060562062,5.129211378033159e-42,1.4195439057043122e-40,True
26,base_flow_index,area,-0.12643667636248712,0.0015933775927640737,0.0026924400247366528,True
26,base_flow_index,dpsbar,0.37787083012410605,1.6426364594314968e-22,1.1680970378179532e-21,True
26,base_flow_index,elev_mean,0.4045681475774527,7.420781261110347e-26,6.724672576439818e-25,True
26,base_flow_index,p_seasonality,-0.3265797333153686,6.711274192260114e-17,3.27254512994017e-16,True
26,base_flow_index,frac_snow,0.27296931232749905,4.500274893753747e-12,1.6517137961304075e-11,True
26,base_flow_index,aridity,-0.5204719375182225,2.0985472388672007e-44,7.674687045000048e-43,True
26,doy_max,frac_high_perc,-0.08766877359569003,0.028925497983586772,0.03997261799621168,True
26,doy_max,runoff_ratio,0.1167840977766551,0.003564193624374121,0.005744385825276529,True
26,doy_max,area,0.018933611645708035,0.6377015935541558,0.6816351062624797,False
26,doy_max,dpsbar,0.078481359718186,0.05060420218650573,0.06720973156806986,False
26,doy_max,elev_mean,0.10036004364450585,0.012340996060392947,0.01826182075988783,True
26,doy_max,p_seasonality,-0.056452396398629985,0.15999963513324258,0.19482422598011878,False
26,doy_max,frac_snow,0.09924338879538527,0.013351227448154548,0.019615002735882722,True
26,doy_max,aridity,-0.13770692296951922,0.0005792857981873019,0.0010352332588896983,True
26,doy_min,frac_high_perc,0.1896763786572404,1.931437485681701e-06,4.3183231120918385e-06,True
26,doy_min,runoff_ratio,0.22017082318648518,2.9607418342655743e-08,7.793829404339198e-08,True
26,doy_min,area,-0.17745122098962385,8.647048568998241e-06,1.8332459077959004e-05,True
26,doy_min,dpsbar,0.13484466637377945,0.0007545782357075435,0.001325365546079802,True
26,doy_min,elev_mean,0.05465301892589912,0.17376063682304674,0.20982416522028285,False
26,doy_min,p_seasonality,-0.2298441067709906,6.877442998170217e-09,1.9033788189530546e-08,True
26,doy_min,frac_snow,-0.0806363058731186,0.044572172882467495,0.059897513164890705,False
26,doy_min,aridity,-0.21935890566129773,3.336671107622909e-08,8.716202077055761e-08,True
26,high_pulse_count,frac_high_perc,0.23518291451406356,2.9867263898765838e-09,8.68865858873188e-09,True
26,high_pulse_count,runoff_ratio,0.07296994663089496,0.06919245092818858,0.09048923339778431,False
26,high_pulse_count,area,0.07210628906646076,0.07255862759186574,0.09428938407876969,False
26,high_pulse_count,dpsbar,0.08157557775384153,0.042138974855118756,0.05685152865828934,False
26,high_pulse_count,elev_mean,-0.03138323809386418,0.4349890191651447,0.4794712116524308,False
26,high_pulse_count,p_seasonality,-0.17391256084896994,1.3101520057023589e-05,2.726820434632552e-05,True
26,high_pulse_count,frac_snow,-0.12887196672797996,0.0012889326416510721,0.002192470141280229,True
26,high_pulse_count,aridity,-0.06199003844622291,0.12279297696212865,0.15278251325543105,False
26,high_pulse_duration_mean,frac_high_perc,0.09167265399377238,0.022331560660553834,0.031584969774042994,True
26,high_pulse_duration_mean,runoff_ratio,-0.18330167715843726,4.272591136372096e-06,9.289030411135938e-06,True
26,high_pulse_duration_mean,area,-0.022924270463166092,0.568546230547377,0.6121885805263029,False
26,high_pulse_duration_mean,dpsbar,-0.11997303831146433,0.002748845753968938,0.004489650795275907,True
26,high_pulse_duration_mean,elev_mean,-0.1828423681417969,4.519426716247421e-06,9.784128874074755e-06,True
26,high_pulse_duration_mean,p_seasonality,0.0406936017155561,0.31132025530172286,0.35460727633922606,False
26,high_pulse_duration_mean,frac_snow,-0.14307481183251367,0.00034803985175620487,0.0006341509042675335,True
26,high_pulse_duration_mean,aridity,0.16533582782295514,3.467391385393256e-05,6.939932438597716e-05,True
26,low_pulse_count,frac_high_perc,0.45782950124767485,1.6784452421037805e-33,2.5275410704621636e-32,True
26,low_pulse_count,runoff_ratio,-0.22992795874769312,6.789001558373532e-09,1.889113477112635e-08,True
26,low_pulse_count,area,0.03736711714210113,0.3525614736048301,0.39629302850861253,False
26,low_pulse_count,dpsbar,-0.13748808197989787,0.0005912194572242182,0.0010538416520094022,True
26,low_pulse_count,elev_mean,-0.16960393995210232,2.1490681736318415e-05,4.392506606385241e-05,True
26,low_pulse_count,p_seasonality,0.09681916093736101,0.015798722348627788,0.022850129498580302,True
26,low_pulse_count,frac_snow,-0.06450299285920244,0.10830898927922632,0.13591716301706833,False
26,low_pulse_count,aridity,0.20661882177598526,2.050535163106767e-07,5.029192121923954e-07,True
26,low_pulse_duration_mean,frac_high_perc,-0.06095614271591661,0.12917328596093391,0.15994370595404633,False
26,low_pulse_duration_mean,runoff_ratio,0.2378305024705629,1.9600851439311257e-09,5.817759963436153e-09,True
26,low_pulse_duration_mean,area,-0.1381517706212244,0.0005557142609073695,0.0009948451104355707,True
26,low_pulse_duration_mean,dpsbar,0.15004192420002005,0.00017490066485569426,0.0003328964327364887,True
26,low_pulse_duration_mean,elev_mean,0.1095036074644669,0.006303978120013069,0.009840356089776498,True
26,low_pulse_duration_mean,p_seasonality,-0.007635324920244175,0.8493947523592504,0.871523272961796,False
26,low_pulse_duration_mean,frac_snow,0.10692060965414321,0.0076593682008021975,0.011723756409000674,True
26,low_pulse_duration_mean,aridity,-0.17981296574393568,6.522996016234991e-06,1.3886794013772621e-05,True
26,max_1day,frac_high_perc,-0.05284511229424714,0.18845638537453746,0.22597112250998402,False
26,max_1day,runoff_ratio,0.2578449636597932,6.885314714569578e-11,2.326918240171369e-10,True
26,max_1day,area,0.014796093168043783,0.7128776971377151,0.7471717112272469,False
26,max_1day,dpsbar,0.1270663858331636,0.0015088888736169712,0.002553887944766576,True
26,max_1day,elev_mean,0.17157503790397044,1.7162320255339306e-05,3.536059545566891e-05,True
26,max_1day,p_seasonality,-0.25221412328654014,1.8196579975112862e-10,5.878011954105858e-10,True
26,max_1day,frac_snow,0.09132172847277012,0.022852114211094763,0.032232183129698395,True
26,max_1day,aridity,-0.2470385278005254,4.354890729069775e-10,1.351335789868924e-09,True
26,max_30day,frac_high_perc,-0.13492902409379798,0.0007487759970126081,0.001317434056599503,True
26,max_30day,runoff_ratio,0.22909900898645386,7.71400745613545e-09,2.117732878038258e-08,True
26,max_30day,area,0.010493226551708945,0.7941154829846823,0.8213881359356714,False
26,max_30day,dpsbar,0.13306407214341087,0.0008871982195413653,0.0015503258989937852,True
26,max_30day,elev_mean,0.24388978585605173,7.334710255903284e-10,2.2353402684657628e-09,True
26,max_30day,p_seasonality,-0.17732942215827094,8.77279932878999e-06,1.852236394367206e-05,True
26,max_30day,frac_snow,0.1738543841121698,1.319042241390563e-05,2.739755081508999e-05,True
26,max_30day,aridity,-0.220524922664089,2.8099411386785258e-08,7.415927128883532e-08,True
26,max_3day,frac_high_perc,-0.04641418302669173,0.248120062086074,0.2900398899271002,False
26,max_3day,runoff_ratio,0.20125453136804763,4.2598349637906877e-07,1.0167997675808076e-06,True
26,max_3day,area,0.009034535893345345,0.8222200863564479,0.8487433149485915,False
26,max_3day,dpsbar,0.1315355611431581,0.0010179041445410083,0.0017547707811616036,True
26,max_3day,elev_mean,0.18324131739796914,4.304277395728412e-06,9.338093333105707e-06,True
26,max_3day,p_seasonality,-0.18095431790599614,5.684786128270911e-06,1.2152862203234681e-05,True
26,max_3day,frac_snow,0.08498372200041944,0.034230304221664516,0.046860737330193136,True
26,max_3day,aridity,-0.19572295421691951,8.870110150810726e-07,2.0549757453461953e-06,True
26,max_7day,frac_high_perc,-0.03922961536312275,0.32906293215008653,0.37315663623664297,False
26,max_7day,runoff_ratio,0.21170899355765238,1.0061283019825653e-07,2.537624091699869e-07,True
26,max_7day,area,0.042233846907367735,0.2933456398471832,0.3352521598253522,False
26,max_7day,dpsbar,0.10444218967235738,0.009198998874844723,0.01391399534393057,True
26,max_7day,elev_mean,0.19211107048129344,1.416063819117993e-06,3.229508576340367e-06,True
26,max_7day,p_seasonality,-0.1852039810543493,3.3808193538352114e-06,7.413188476075496e-06,True
26,max_7day,frac_snow,0.08014729872713966,0.04588507549199776,0.061581018746796466,False
26,max_7day,aridity,-0.21389518472945235,7.369996388694657e-08,1.8820140404048202e-07,True
26,max_90day,frac_high_perc,0.017140454603948654,0.6698829406687871,0.7101036555329585,False
26,max_90day,runoff_ratio,-0.02436462542766101,0.5444948169265156,0.5881463001400337,False
26,max_90day,area,0.008672371409219837,0.8292348365422236,0.8551223289216888,False
26,max_90day,dpsbar,-0.11102542884458753,0.0056102336092525,0.00882469925633573,True
26,max_90day,elev_mean,0.035953056438597836,0.37109206404132,0.41439288285530174,False
26,max_90day,p_seasonality,-0.006189705492746347,0.8776591164343335,0.8951423657656947,False
26,max_90day,frac_snow,0.09718540403864936,0.015405405595965376,0.022312779816504306,True
26,max_90day,aridity,0.05005761207104928,0.21287564085984553,0.25258940468190244,False
26,mean_fall_rate,frac_high_perc,0.1151254806064757,0.004069945951697044,0.006501754531260177,True
26,mean_fall_rate,runoff_ratio,-0.0505878308586965,0.20806338018448053,0.2471657787806358,False
26,mean_fall_rate,area,-0.013885430760909267,0.7298367860014702,0.7618275931350719,False
26,mean_fall_rate,dpsbar,-0.11997220639021736,0.002749034227185541,0.004489650795275907,True
26,mean_fall_rate,elev_mean,-0.13540393847717316,0.000716874840460702,0.0012656548907444118,True
26,mean_fall_rate,p_seasonality,-0.09766396872601077,0.014904436828966172,0.02164843023100902,True
26,mean_fall_rate,frac_snow,-0.1639917388424004,4.021331829976196e-05,8.011369248824173e-05,True
26,mean_fall_rate,aridity,0.07235009939653352,0.07159508056518167,0.09327399809000768,False
26,mean_rise_rate,frac_high_perc,0.002529774188157523,0.9498344008805557,0.9582565778341764,False
26,mean_rise_rate,runoff_ratio,0.06915545066245575,0.08508133425573969,0.1089041078473468,False
26,mean_rise_rate,area,0.04675839964728393,0.2446258267111898,0.28693796855928794,False
26,mean_rise_rate,dpsbar,0.013568561259566639,0.7357693328408526,0.7672380823106243,False
26,mean_rise_rate,elev_mean,0.06503744718419661,0.10540981975969552,0.13244129501095486,False
26,mean_rise_rate,p_seasonality,-0.14900494811704504,0.00019413710954527337,0.0003667830261519556,True
26,mean_rise_rate,frac_snow,0.026726351522766714,0.506182167303365,0.54966122939411,False
26,mean_rise_rate,aridity,-0.07287377712341236,0.06956083059082999,0.09085496240434937,False
26,min_1day,frac_high_perc,-0.2427127196410516,8.896386925561637e-10,2.6952367490458923e-09,True
26,min_1day,runoff_ratio,0.5101890059459336,1.863122199083362e-42,5.299547588503785e-41,True
26,min_1day,area,-0.11470934596543991,0.0042066343692867166,0.006709647342912146,True
26,min_1day,dpsbar,0.36656420313905097,3.481992566545807e-21,2.2856156334249397e-20,True
26,min_1day,elev_mean,0.3532691751119698,1.0848977698153257e-19,6.3482018073765345e-19,True
26,min_1day,p_seasonality,-0.3097946402115561,2.7968905604502525e-15,1.2452243190874168e-14,True
26,min_1day,frac_snow,0.23192086917215954,4.983911168378147e-09,1.4059297620989593e-08,True
26,min_1day,aridity,-0.45449066391666937,5.559818607812739e-33,8.018667963944006e-32,True
26,min_30day,frac_high_perc,-0.2658531194815932,1.659528819977633e-11,5.83971653490411e-11,True
26,min_30day,runoff_ratio,0.6543522507085394,3.644861518599632e-77,9.330845487615057e-75,True
26,min_30day,area,-0.13666194682518182,0.0006383574757423706,0.0011328909101563042,True
26,min_30day,dpsbar,0.44738569680472307,6.807163373683565e-32,9.29404705953596e-31,True
26,min_30day,elev_mean,0.4444427872613358,1.8885326279612123e-31,2.4440911954258425e-30,True
26,min_30day,p_seasonality,-0.38565151367681355,1.8711433404367808e-23,1.4406396846671155e-22,True
26,min_30day,frac_snow,0.21279294911136593,8.625909672579769e-08,2.1917944180450826e-07,True
26,min_30day,aridity,-0.6120461638139587,4.253332329676096e-65,5.037086324135224e-63,True
26,min_3day,frac_high_perc,-0.24854680319438133,3.3838682394557217e-10,1.0694694682724256e-09,True
26,min_3day,runoff_ratio,0.5784108188647901,9.878593097535697e-57,6.743786221251036e-55,True
26,min_3day,area,-0.10913065592640839,0.006485336735764449,0.010077366946013347,True
26,min_3day,dpsbar,0.4171425396213891,1.5360856907480446e-27,1.5124536031980748e-26,True
26,min_3day,elev_mean,0.39094849946720495,4.122822007733539e-24,3.3242281385190105e-23,True
26,min_3day,p_seasonality,-0.34811168137190374,3.9448556058234873e-19,2.2195231540457423e-18,True
26,min_3day,frac_snow,0.23037648004079425,6.334349856090051e-09,1.772233402359621e-08,True
26,min_3day,aridity,-0.5148427169733311,2.493057461385853e-43,7.7360328498761e-42,True
26,min_7day,frac_high_perc,-0.25730816009262286,7.561377472787976e-11,2.546990306623318e-10,True
26,min_7day,runoff_ratio,0.5968815654870314,3.3349351871141196e-61,2.6269027935421987e-59,True
26,min_7day,area,-0.13284832787592685,0.0009046549195931138,0.0015781373725099633,True
26,min_7day,dpsbar,0.41743003490250374,1.4030431577890616e-27,1.4085452878196068e-26,True
26,min_7day,elev_mean,0.3915445421345089,3.471561788635286e-24,2.843903417250026e-23,True
26,min_7day,p_seasonality,-0.3675056596937132,2.7125885952709442e-21,1.7920585300370626e-20,True
26,min_7day,frac_snow,0.199436131067843,5.433728975825333e-07,1.2791122922402622e-06,True
26,min_7day,aridity,-0.5354365222424494,2.315786113712287e-47,9.485459921765526e-46,True
26,min_90day,frac_high_perc,-0.13184723938177179,0.0009898897821742111,0.0017122417853824192,True
26,min_90day,runoff_ratio,0.5523343784369632,6.954487002123806e-51,3.74810246851304e-49,True
26,min_90day,area,-0.12017788350906337,0.0027027945256568515,0.004428258550836186,True
26,min_90day,dpsbar,0.3866320668951092,1.4171091095306164e-23,1.107724983327749e-22,True
26,min_90day,elev_mean,0.35176365534111914,1.5853177023069404e-19,9.171555520691e-19,True
26,min_90day,p_seasonality,-0.21058509261913033,1.1792159151745017e-07,2.966872474542235e-07,True
26,min_90day,frac_snow,0.20880130669984143,1.5143793776996784e-07,3.791502402847117e-07,True
26,min_90day,aridity,-0.48815046058265504,1.693959766255589e-38,4.033987908478426e-37,True
26,month_01_Oct,frac_high_perc,-0.35017381826657223,2.361073212700543e-19,1.3506921619024336e-18,True
26,month_01_Oct,runoff_ratio,0.4786712963163031,6.996568516890446e-37,1.438505993707518e-35,True
26,month_01_Oct,area,-0.017290629555037976,0.6671634152042749,0.7079537172737591,False
26,month_01_Oct,dpsbar,0.33414382689751043,1.156252371026547e-17,5.861398158075168e-17,True
26,month_01_Oct,elev_mean,0.3555695376533518,6.053103573453677e-20,3.6247824907699213e-19,True
26,month_01_Oct,p_seasonality,-0.3384260776361816,4.180022294160162e-18,2.172762857472084e-17,True
26,month_01_Oct,frac_snow,0.2565638989169826,8.606855683355058e-11,2.868570098869305e-10,True
26,month_01_Oct,aridity,-0.45336443413940186,8.302736514901583e-33,1.1646578344190713e-31,True
26,month_02_Nov,frac_high_perc,-0.09072831417933065,0.023756310279407316,0.0334154694040015,True
26,month_02_Nov,runoff_ratio,0.23202564547792787,4.9031924653837035e-09,1.3908224610949896e-08,True
26,month_02_Nov,area,0.04193822125949991,0.2967405796063477,0.33837678565356355,False
26,month_02_Nov,dpsbar,0.05178814464864699,0.1974611156596327,0.23593953609739077,False
26,month_02_Nov,elev_mean,0.12497822951543566,0.0018060003250599127,0.003036690201742776,True
26,month_02_Nov,p_seasonality,-0.2701431739108066,7.591341896042609e-12,2.718018916625046e-11,True
26,month_02_Nov,frac_snow,0.012327960311077232,0.7591448956058421,0.7892024092389668,False
26,month_02_Nov,aridity,-0.21455157561508267,6.708077001751833e-08,1.7172677124484692e-07,True
26,month_03_Dec,frac_high_perc,0.17721862839247593,8.888700501668934e-06,1.8728455378002035e-05,True
26,month_03_Dec,runoff_ratio,-0.247112534969403,4.30148196612525e-10,1.342901686985444e-09,True
26,month_03_Dec,area,0.23175048278192475,5.117937023261233e-09,1.4397712944559074e-08,True
26,month_03_Dec,dpsbar,-0.1976410661972804,6.89433369152237e-07,1.6155143478532966e-06,True
26,month_03_Dec,elev_mean,-0.13129365973776033,0.0010401493909076064,0.0017901058425031746,True
26,month_03_Dec,p_seasonality,0.19881954434308477,5.898202318354952e-07,1.3852658655952914e-06,True
26,month_03_Dec,frac_snow,0.06543140431597304,0.10331237817670501,0.13012530781420165,False
26,month_03_Dec,aridity,0.23790731005174748,1.936135237727468e-09,5.763379312305021e-09,True
26,month_04_Jan,frac_high_perc,-0.18796064979895577,2.3979481960010273e-06,5.314932798062883e-06,True
26,month_04_Jan,runoff_ratio,0.21205311381881325,9.582291287020054e-08,2.4227817970144533e-07,True
26,month_04_Jan,area,0.1497002614756427,0.00018103186639029258,0.00034329005774751776,True
26,month_04_Jan,dpsbar,0.1255075182625738,0.0017259992766084737,0.0029069461500774293,True
26,month_04_Jan,elev_mean,0.14203583364431166,0.00038464763814982384,0.0006983673430237936,True
26,month_04_Jan,p_seasonality,-0.1415605100581821,0.00040256534696795525,0.0007296051598144888,True
26,month_04_Jan,frac_snow,-0.045896618893823,0.2534393139655421,0.29491120170535806,False
26,month_04_Jan,aridity,-0.20676473515293325,2.0096062730191718e-07,4.958642948365378e-07,True
26,month_05_Feb,frac_high_perc,0.10830689840863471,0.006902603135684808,0.010693291393254529,True
26,month_05_Feb,runoff_ratio,0.17072850177534588,1.890857618882129e-05,3.8880285175407635e-05,True
26,month_05_Feb,area,0.07076211886981947,0.07806263680949739,0.10080219431642538,False
26,month_05_Feb,dpsbar,0.18991146025573408,1.8747369386110883e-06,4.2007234685727665e-06,True
26,month_05_Feb,elev_mean,0.33944858741784006,3.2707254626001366e-18,1.726403543145639e-17,True
26,month_05_Feb,p_seasonality,-0.05821886643271347,0.14730603805083986,0.18151790970404333,False
26,month_05_Feb,frac_snow,0.46685466202996573,6.162891058639279e-35,1.069627193906207e-33,True
26,month_05_Feb,aridity,-0.14770564386322946,0.0002210420335005958,0.0004137971522936199,True
26,month_06_Mar,frac_high_perc,-0.22453349758508312,1.5453328996007896e-08,4.131647230264252e-08,True
26,month_06_Mar,runoff_ratio,0.3636758943519711,7.452360087805295e-21,4.710627611057174e-20,True
26,month_06_Mar,area,0.07403335459526242,0.06522462910719237,0.08562823103303203,False
26,month_06_Mar,dpsbar,0.3094138184158093,3.035632509237999e-15,1.3456656664327753e-14,True
26,month_06_Mar,elev_mean,0.2840046848779151,5.508383501943118e-13,2.096871637914406e-12,True
26,month_06_Mar,p_seasonality,-0.3928109175527672,2.4064210950684214e-24,1.9872380656048898e-23,True
26,month_06_Mar,frac_snow,0.05557867948848633,0.16657521120968813,0.20186155772629663,False
26,month_06_Mar,aridity,-0.4123720969978313,6.819184313770786e-27,6.406279575505765e-26,True
26,month_07_Apr,frac_high_perc,0.03597562993008944,0.3707915931092683,0.41439288285530174,False
26,month_07_Apr,runoff_ratio,0.22880637895583683,8.06886727201731e-09,2.2092299696646327e-08,True
26,month_07_Apr,area,0.03378173239344597,0.4006952372162625,0.4435804571994084,False
26,month_07_Apr,dpsbar,0.09030883159593397,0.024414015067221906,0.0342465088066236,True
26,month_07_Apr,elev_mean,0.008457120973454704,0.833410496202368,0.8577008523730902,False
26,month_07_Apr,p_seasonality,-0.2535834257846321,1.439759549837048e-10,4.680361203279801e-10,True
26,month_07_Apr,frac_snow,-0.11345260247204274,0.004645024912316448,0.00737442714761557,True
26,month_07_Apr,aridity,-0.19671129082334923,7.792462434726751e-07,1.8135185302636803e-06,True
26,month_08_May,frac_high_perc,0.038743224895068956,0.33509961687716555,0.37916243942786465,False
26,month_08_May,runoff_ratio,0.36093898233075694,1.5217704192122323e-20,9.387306682369433e-20,True
26,month_08_May,area,-0.020512710456809687,0.6099128192033596,0.6532957393977409,False
26,month_08_May,dpsbar,0.25495866445701604,1.1364326254290114e-10,3.75389357561067e-10,True
26,month_08_May,elev_mean,0.176319387162919,9.884912696005989e-06,2.0742111886701092e-05,True
26,month_08_May,p_seasonality,-0.3979848443836752,5.295697987579783e-25,4.481648544860907e-24,True
26,month_08_May,frac_snow,-0.0040969363800582165,0.9188440986069579,0.9306591067987388,False
26,month_08_May,aridity,-0.29516718402014747,5.974568845036808e-14,2.4277613084594013e-13,True
26,month_09_Jun,frac_high_perc,-0.10093814706421816,0.011845013958240655,0.017578687381504973,True
26,month_09_Jun,runoff_ratio,0.29298615109187676,9.293172567036461e-14,3.731846552409936e-13,True
26,month_09_Jun,area,0.006680146369206092,0.8680508278577238,0.889773821547857,False
26,month_09_Jun,dpsbar,0.24431221613227172,6.842122785695211e-10,2.091442905239372e-09,True
26,month_09_Jun,elev_mean,0.3118176854182608,1.8064632628653932e-15,8.113238513921766e-15,True
26,month_09_Jun,p_seasonality,-0.14579100101318382,0.0002671139166246176,0.0004964149739085452,True
26,month_09_Jun,frac_snow,0.2566440380962383,8.487836664300744e-11,2.8496868013914627e-10,True
26,month_09_Jun,aridity,-0.3244580087518616,1.089507888218327e-16,5.262528667620598e-16,True
26,month_10_Jul,frac_high_perc,-0.20443260531508015,2.7688806463667624e-07,6.655713103003673e-07,True
26,month_10_Jul,runoff_ratio,0.4697207640898269,2.1135066733614646e-35,3.796896199161649e-34,True
26,month_10_Jul,area,-0.05449735920378995,0.17499129815287104,0.21106135372030618,False
26,month_10_Jul,dpsbar,0.2715604069596095,5.84487073873741e-12,2.1299457781021737e-11,True
26,month_10_Jul,elev_mean,0.3529138360658203,1.1867203245251339e-19,6.904554615418961e-19,True
26,month_10_Jul,p_seasonality,-0.12109430059890544,0.00250526350071746,0.004144410056114182,True
26,month_10_Jul,frac_snow,0.33321851757934173,1.4375630350642614e-17,7.251549497072925e-17,True
26,month_10_Jul,aridity,-0.4165922900688601,1.8264692123841926e-27,1.7479481060573955e-26,True
26,month_11_Aug,frac_high_perc,-0.13398036267250202,0.0008164730266189599,0.0014291767166800255,True
26,month_11_Aug,runoff_ratio,0.6297446263527315,6.42501888365581e-70,1.0965365561439248e-67,True
26,month_11_Aug,area,-0.12324466881967708,0.0020924206587133957,0.003501043716540061,True
26,month_11_Aug,dpsbar,0.4619677743527568,3.734061369685074e-34,6.069331496123041e-33,True
26,month_11_Aug,elev_mean,0.4752287647575463,2.6263266569536788e-36,5.171843262924168e-35,True
26,month_11_Aug,p_seasonality,-0.34326253904463655,1.2994635205015691e-18,7.077928962731952e-18,True
26,month_11_Aug,frac_snow,0.3165118490868519,6.466479179570722e-16,2.996232886823719e-15,True
26,month_11_Aug,aridity,-0.5766263706698997,2.5805280365236718e-56,1.65153794337515e-54,True
26,month_12_Sep,frac_high_perc,-0.17581816095974592,1.0485468751041616e-05,2.195730061567815e-05,True
26,month_12_Sep,runoff_ratio,0.5033033075574163,3.453234683005755e-41,9.066954654866392e-40,True
26,month_12_Sep,area,-0.13418460084564032,0.0008014370364901377,0.0014052594612429812,True
26,month_12_Sep,dpsbar,0.3230821544215077,1.488670251322717e-16,7.123356716609636e-16,True
26,month_12_Sep,elev_mean,0.3012197084693864,1.7188595761071132e-14,7.29504844885897e-14,True
26,month_12_Sep,p_seasonality,-0.33456950615110814,1.0457716875954208e-17,5.3543510404885547e-17,True
26,month_12_Sep,frac_snow,0.19203228059656224,1.4304479017975456e-06,3.2550636698681925e-06,True
26,month_12_Sep,aridity,-0.4286915707337092,3.7639396168987963e-29,4.057130702846703e-28,True
26,number_of_reversals,frac_high_perc,-0.20625185999020285,2.1570517356959319e-07,5.246605646918372e-07,True
26,number_of_reversals,runoff_ratio,0.16386795870898913,4.076357086078981e-05,8.105222633291021e-05,True
26,number_of_reversals,area,0.06328275732595917,0.11516408823363826,0.14374006394386377,False
26,number_of_reversals,dpsbar,0.14367779284827387,0.00032831252765068214,0.0006003429077041045,True
26,number_of_reversals,elev_mean,0.19071279022589138,1.6932058484824109e-06,3.810643491969206e-06,True
26,number_of_reversals,p_seasonality,0.013520130579491831,0.7366774664815542,0.7674035866501643,False
26,number_of_reversals,frac_snow,0.14624212676376586,0.00025551327886738244,0.00047571926829127206,True
26,number_of_reversals,aridity,-0.14743006848099444,0.0002271802740511119,0.0004245120449422237,True
45,base_flow_index,frac_high_perc,-0.12254409670716426,0.0022195284137257985,0.003689605674764964,True
45,base_flow_index,runoff_ratio,0.35915059781624653,2.4173244502656128e-20,1.4822396629173578e-19,True
45,base_flow_index,area,-0.08945603537716723,0.02579977737953518,0.03603198684081719,True
45,base_flow_index,dpsbar,0.2897503844448137,1.7773923476289926e-13,6.946754824320949e-13,True
45,base_flow_index,elev_mean,0.34508183601575526,8.328784119975157e-19,4.56078873735538e-18,True
45,base_flow_index,p_seasonality,-0.18259783135282937,4.656343174347186e-06,1.0038095601118987e-05,True
45,base_flow_index,frac_snow,0.31737608899206754,5.341457869683193e-16,2.486205844797995e-15,True
45,base_flow_index,aridity,-0.35406300749177494,8.875114452919904e-20,5.223055861948265e-19,True
45,doy_max,frac_high_perc,-0.1079531526616585,0.0070890581605403714,0.010949012905570649,True
45,doy_max,runoff_ratio,0.048698973015516095,0.22557125746037088,0.2661117138702993,False
45,doy_max,area,0.05273604381503892,0.1893713556919035,0.22680265289884116,False
45,doy_max,dpsbar,0.0642701459639853,0.10959160325521058,0.13735838645451118,False
45,doy_max,elev_mean,0.036491327171252724,0.3639683442907916,0.408540957473062,False
45,doy_max,p_seasonality,-0.02791287306693394,0.4874821326819627,0.5316099082708517,False
45,doy_max,frac_snow,-0.016936028966856934,0.6735918373811743,0.7125599602048787,False
45,doy_max,aridity,-0.07918488806745756,0.04856401523597773,0.06475202031463698,False
45,doy_min,frac_high_perc,0.2556416833703414,1.0099229899504813e-10,3.346799811356935e-10,True
45,doy_min,runoff_ratio,0.03538350170150464,0.3787230997314625,0.4215352762228452,False
45,doy_min,area,-0.11644456986690623,0.0036628248344906717,0.005888120299087045,True
45,doy_min,dpsbar,-0.010561298795829347,0.792810120587429,0.8208671015991176,False
45,doy_min,elev_mean,-0.07224663399595165,0.07200269430294938,0.09368584366736997,False
45,doy_min,p_seasonality,-0.1368107052333531,0.0006296200613580665,0.0011193245535254517,True
45,doy_min,frac_snow,-0.14881230952683228,0.00019792229024542362,0.000373245718621204,True
45,doy_min,aridity,-0.006317683168764354,0.8751500963013215,0.8934732787762245,False
45,high_pulse_count,frac_high_perc,0.2704025828589536,7.237445365179689e-12,2.600401422436492e-11,True
45,high_pulse_count,runoff_ratio,-0.0015278752347100896,0.9696894629389248,0.9734921667151558,False
45,high_pulse_count,area,0.08217190819762435,0.040653116316479915,0.05506453850274528,False
45,high_pulse_count,dpsbar,-0.03638452411773061,0.365374998612098,0.40890054489485067,False
45,high_pulse_count,elev_mean,-0.12031103752827434,0.0026732384784905376,0.004386852887779344,True
45,high_pulse_count,p_seasonality,-0.04226694036499183,0.2929672220529216,0.33519378254993487,False
45,high_pulse_count,frac_snow,-0.11269521157146556,0.004928753175010943,0.007800685086879762,True
45,high_pulse_count,aridity,0.046605254006125876,0.24617617110958182,0.28842608605973885,False
45,high_pulse_duration_mean,frac_high_perc,0.18743705193245908,2.560613913168991e-06,5.651010015269498e-06,True
45,high_pulse_duration_mean,runoff_ratio,-0.31538085996025,8.296386120158301e-16,3.7926336549295086e-15,True
45,high_pulse_duration_mean,area,0.015451267658432195,0.7007629402343509,0.7374935773894916,False
45,high_pulse_duration_mean,dpsbar,-0.2849287268541496,4.600228088872367e-13,1.7775975709453976e-12,True
45,high_pulse_duration_mean,elev_mean,-0.3327807831704188,1.5931448202243465e-17,7.957952662974296e-17,True
45,high_pulse_duration_mean,p_seasonality,0.184129717934961,3.859795827327978e-06,8.409427504646489e-06,True
45,high_pulse_duration_mean,frac_snow,-0.1911425040669454,1.6029289214780568e-06,3.6233978269172853e-06,True
45,high_pulse_duration_mean,aridity,0.3706290546705889,1.177697184306445e-21,8.039746111531998e-21,True
45,low_pulse_count,frac_high_perc,0.47095635048514073,1.3282297189801235e-35,2.428762914706512e-34,True
45,low_pulse_count,runoff_ratio,-0.3428105215247483,1.4506579146219488e-18,7.818282655646713e-18,True
45,low_pulse_count,area,0.07712181078054593,0.05474997732937958,0.07262173158715633,False
45,low_pulse_count,dpsbar,-0.22878365645666732,8.097074836316093e-09,2.211041235303381e-08,True
45,low_pulse_count,elev_mean,-0.22321503046847657,1.883532692095582e-08,5.022753845588219e-08,True
45,low_pulse_count,p_seasonality,0.16536394271117305,3.4566155288504224e-05,6.939932438597716e-05,True
45,low_pulse_count,frac_snow,-0.07575196804849081,0.05920910259936337,0.07833348974386059,False
45,low_pulse_count,aridity,0.31418857655243126,1.0776453585359255e-15,4.904483765070168e-15,True
45,low_pulse_duration_mean,frac_high_perc,-0.09489862486476339,0.018008789878257433,0.02571966643700922,True
45,low_pulse_duration_mean,runoff_ratio,0.14941639103918913,0.00018627870599301989,0.0003525866819535164,True
45,low_pulse_duration_mean,area,-0.10510463096995251,0.008762588924331127,0.01329317193854085,True
45,low_pulse_duration_mean,dpsbar,0.10946595222437311,0.0063220801403422126,0.00985359218220765,True
45,low_pulse_duration_mean,elev_mean,0.08714863482552967,0.029894146733214375,0.04125553403613412,True
45,low_pulse_duration_mean,p_seasonality,0.09595882049236074,0.016757496856287406,0.024066867855313187,True
45,low_pulse_duration_mean,frac_snow,0.20332186406915298,3.2213032602672146e-07,7.707043314284176e-07,True
45,low_pulse_duration_mean,aridity,-0.06788410699997825,0.09098873047378145,0.11588614428501517,False
45,max_1day,frac_high_perc,0.0921099895265362,0.021697249293096924,0.030730267325216113,True
45,max_1day,runoff_ratio,0.13003982939332825,0.0011628150685934913,0.0019911749669560786,True
45,max_1day,area,0.0869614113000179,0.03024955551803241,0.041671427027747523,True
45,max_1day,dpsbar,0.03178785537841643,0.42908806245095016,0.4734764827044967,False
45,max_1day,elev_mean,0.08152980221057561,0.04225490288423283,0.056932921780861075,False
45,max_1day,p_seasonality,-0.07514983368633213,0.06126219606725792,0.08094514680370594,False
45,max_1day,frac_snow,0.07076476529272199,0.07805147628802579,0.10080219431642538,False
45,max_1day,aridity,-0.06137925026318537,0.12653185420950885,0.1568627345163887,False
45,max_30day,frac_high_perc,0.04232217862058582,0.29233631092687307,0.33484606531221256,False
45,max_30day,runoff_ratio,-0.13946711462346156,0.0004911278810352806,0.0008823069301405743,True
45,max_30day,area,0.09333070209300513,0.020008818634994617,0.02840018103274838,True
45,max_30day,dpsbar,-0.23557180232694092,2.8084342639406623e-09,8.193266912465066e-09,True
45,max_30day,elev_mean,-0.1503156507492025,0.00017012972042262502,0.00032441868475375796,True
45,max_30day,p_seasonality,0.10384192645501747,0.009611049206987906,0.014473109394052375,True
45,max_30day,frac_snow,-0.040226091281690066,0.31691650003594557,0.36018035076227334,False
45,max_30day,aridity,0.23464614306308637,3.250981297757196e-09,9.430608637120024e-09,True
45,max_3day,frac_high_perc,0.08002021842029779,0.04623153624480198,0.06196478156371365,False
45,max_3day,runoff_ratio,0.07255113326539059,0.0708084778208931,0.09236672775617139,False
45,max_3day,area,0.10471114197480452,0.0090195346253708,0.013662727006478845,True
45,max_3day,dpsbar,0.0008167476869636869,0.9837942883629922,0.9857195218040157,False
45,max_3day,elev_mean,0.0673739112894491,0.09345003392791174,0.11872560141709879,False
45,max_3day,p_seasonality,-0.04028554543120029,0.3162011846661649,0.35976668122016986,False
45,max_3day,frac_snow,0.07939753780131326,0.04796107679808884,0.06419887926959866,False
45,max_3day,aridity,-0.027329516483924343,0.4966292818096495,0.5404339899820203,False
45,max_7day,frac_high_perc,0.10716558871690773,0.007520466066216477,0.011562998876585094,True
45,max_7day,runoff_ratio,-0.10373139322245595,0.009688689612501895,0.014568602295450721,True
45,max_7day,area,0.14536392555682856,0.0002785483048685331,0.0005148618487100684,True
45,max_7day,dpsbar,-0.1480475442825463,0.00021364230920900107,0.0004018650624367503,True
45,max_7day,elev_mean,-0.08694708692399356,0.03027689619984781,0.041671427027747523,True
45,max_7day,p_seasonality,0.09446854977884178,0.018539210570371896,0.02640354885126679,True
45,max_7day,frac_snow,0.0004239629239586838,0.9915874078235895,0.992556701477376,False
45,max_7day,aridity,0.15069069848913988,0.0001637908225518554,0.00031349869587495315,True
45,max_90day,frac_high_perc,0.12369921600561766,0.002013550388064242,0.003374591812402265,True
45,max_90day,runoff_ratio,-0.24102020471154273,1.1721678402575652e-09,3.519940963119492e-09,True
45,max_90day,area,0.07112660932017584,0.07653766355454303,0.0990828918835045,False
45,max_90day,dpsbar,-0.2541198820885968,1.3130544509511505e-10,4.295743635060633e-10,True
45,max_90day,elev_mean,-0.1810970736201914,5.587489747252628e-06,1.1969852512942869e-05,True
45,max_90day,p_seasonality,0.14145425685903784,0.00040667561585231186,0.000735752350941285,True
45,max_90day,frac_snow,-0.014516700226430451,0.7180661916321056,0.7510722984997713,False
45,max_90day,aridity,0.31362055057011873,1.2201435294281927e-15,5.528437938648094e-15,True
45,mean_fall_rate,frac_high_perc,-0.0013788000732144756,0.9726456508309729,0.9755035714504566,False
45,mean_fall_rate,runoff_ratio,0.20869691815576838,1.5366077669189108e-07,3.8377715934755237e-07,True
45,mean_fall_rate,area,-0.10126084279220186,0.011575897384201806,0.017204236460700507,True
45,mean_fall_rate,dpsbar,0.018532646215360972,0.6448414534815411,0.6878308837136439,False
45,mean_fall_rate,elev_mean,-0.05589965835663129,0.16413636977789156,0.1991417566973471,False
45,mean_fall_rate,p_seasonality,-0.1433231548629316,0.0003397846737177271,0.000620213022971395,True
45,mean_fall_rate,frac_snow,-0.1968953710308442,7.606162507954008e-07,1.778244385421211e-06,True
45,mean_fall_rate,aridity,-0.1322561821947968,0.0009542128545035992,0.0016589371188653406,True
45,mean_rise_rate,frac_high_perc,0.06316862652756788,0.11582228667627034,0.14428469775730027,False
45,mean_rise_rate,runoff_ratio,0.07580279252738822,0.05903844523320919,0.07820875539302226,False
45,mean_rise_rate,area,0.005722975176868442,0.8868196378861959,0.9026871860789907,False
45,mean_rise_rate,dpsbar,-0.015392031627427291,0.7018552053175187,0.7378847333112312,False
45,mean_rise_rate,elev_mean,-0.026786240815798945,0.5052293520337993,0.5492089771577605,False
45,mean_rise_rate,p_seasonality,-0.10798433338794448,0.007072443746017534,0.01093985256181564,True
45,mean_rise_rate,frac_snow,-0.05678475956511172,0.1575503468212284,0.1926521515326401,False
45,mean_rise_rate,aridity,-0.017578549925111958,0.6619616558215541,0.7038927679763981,False
45,min_1day,frac_high_perc,-0.27337303998433127,4.174297910564094e-12,1.537583115258141e-11,True
45,min_1day,runoff_ratio,0.4737748999060052,4.570923060009083e-36,8.667824469350557e-35,True
45,min_1day,area,-0.10723417807734939,0.007481982061096661,0.011521127264004482,True
45,min_1day,dpsbar,0.37903891649713406,1.1899332779580733e-22,8.580927300204698e-22,True
45,min_1day,elev_mean,0.405799341942437,5.113350265787893e-26,4.6750631001489305e-25,True
45,min_1day,p_seasonality,-0.20047034006817377,4.732580348448368e-07,1.124399600188197e-06,True
45,min_1day,frac_snow,0.36527854704591156,4.890362220235086e-21,3.169449945266284e-20,True
45,min_1day,aridity,-0.40102022504219736,2.151708222952124e-25,1.8832044617974145e-24,True
45,min_30day,frac_high_perc,-0.2831791805124312,6.466665411553983e-13,2.4434927606757486e-12,True
45,min_30day,runoff_ratio,0.621742196033073,1.061530650279903e-67,1.552867694123744e-65,True
45,min_30day,area,-0.1039836713095235,0.009512295290567688,0.014345493928632273,True
45,min_30day,dpsbar,0.44174535809448456,4.7701176715746466e-31,5.885060838183661e-30,True
45,min_30day,elev_mean,0.4760325358374382,1.9311025971941765e-36,3.8773510971114447e-35,True
45,min_30day,p_seasonality,-0.2832434103548232,6.386588598817609e-13,2.422172861181197e-12,True
45,min_30day,frac_snow,0.37369257500187403,5.149484482270977e-22,3.611693225921562e-21,True
45,min_30day,aridity,-0.5361213183851843,1.681910505884246e-47,7.176151491772784e-46,True
45,min_3day,frac_high_perc,-0.28472678824530195,4.78523852369213e-13,1.8352375461650715e-12,True
45,min_3day,runoff_ratio,0.5298279884652597,3.0929087505883343e-46,1.2181302156163286e-44,True
45,min_3day,area,-0.09846696612211121,0.014095969307867271,0.02059097371077901,True
45,min_3day,dpsbar,0.3965215803781108,8.147778331039551e-25,6.783191065841058e-24,True
45,min_3day,elev_mean,0.4257755976589837,9.732934764147898e-29,1.0381797081757758e-27,True
45,min_3day,p_seasonality,-0.2283413547407714,8.665584010881767e-09,2.3537289196665596e-08,True
45,min_3day,frac_snow,0.36482887437733974,5.505264558744927e-21,3.5233693175967534e-20,True
45,min_3day,aridity,-0.4486848496470851,4.324654747035883e-32,5.9843871094118165e-31,True
45,min_7day,frac_high_perc,-0.2947443111632715,6.510788912933578e-14,2.6351967774086895e-13,True
45,min_7day,runoff_ratio,0.5411740047462401,1.552616034435569e-48,7.226721905736467e-47,True
45,min_7day,area,-0.09930802525324145,0.013290821867642822,0.01955431263285381,True
45,min_7day,dpsbar,0.3816672505314743,5.733017734279356e-23,4.193292971358615e-22,True
45,min_7day,elev_mean,0.4171956304231089,1.51061121820512e-27,1.5018115412058667e-26,True
45,min_7day,p_seasonality,-0.23300182813909082,4.209656292255428e-09,1.2041028053825581e-08,True
45,min_7day,frac_snow,0.3344975713614872,1.0636829678222422e-17,5.418961985323264e-17,True
45,min_7day,aridity,-0.46069667333339265,5.937761470741445e-34,9.500418353186312e-33,True
45,min_90day,frac_high_perc,-0.14439156078577123,0.000306310875902627,0.0005631280734726932,True
45,min_90day,runoff_ratio,0.34289329086151604,1.4217328139787989e-18,7.70293334134545e-18,True
45,min_90day,area,-0.11922841337447959,0.0029223322536281837,0.004752540604807628,True
45,min_90day,dpsbar,0.25819914580535647,6.471934208515913e-11,2.1944571620928128e-10,True
45,min_90day,elev_mean,0.25876873696345265,5.857405804710624e-11,1.9993278480078932e-10,True
45,min_90day,p_seasonality,0.035346203047992616,0.3792261754010536,0.42163692031561223,False
45,min_90day,frac_snow,0.39976157149146024,3.1294248469082483e-25,2.6928832296084423e-24,True
45,min_90day,aridity,-0.2505190377379799,2.426915073085531e-10,7.79047346344697e-10,True
45,month_01_Oct,frac_high_perc,-0.30723472606103097,4.83963713222023e-15,2.1269478211989335e-14,True
45,month_01_Oct,runoff_ratio,0.6073686681946056,7.118171008080486e-64,6.626370102067653e-62,True
45,month_01_Oct,area,-0.07399589097469941,0.0653611623417799,0.08569760593851806,False
45,month_01_Oct,dpsbar,0.37856710127510423,1.3556498958958374e-22,9.707590862918444e-22,True
45,month_01_Oct,elev_mean,0.38033081327459795,8.317652659468212e-23,6.040621505883297e-22,True
45,month_01_Oct,p_seasonality,-0.34514504186394823,8.200630509542608e-19,4.514755721382597e-18,True
45,month_01_Oct,frac_snow,0.21631059095701594,5.205175976339055e-08,1.3493924556382764e-07,True
45,month_01_Oct,aridity,-0.5209001750410666,1.7351101743449495e-44,6.580565994552697e-43,True
45,month_02_Nov,frac_high_perc,-0.26763073417784006,1.202199136502018e-11,4.274485818673842e-11,True
45,month_02_Nov,runoff_ratio,0.405868308587046,5.007549987565782e-26,4.619577646186811e-25,True
45,month_02_Nov,area,0.02594408173520496,0.5187138536143269,0.5618747543629726,False
45,month_02_Nov,dpsbar,0.16532912217296808,3.469966219298858e-05,6.939932438597716e-05,True
45,month_02_Nov,elev_mean,0.2971323433260734,3.9997104461456345e-14,1.6448608421096906e-13,True
45,month_02_Nov,p_seasonality,-0.25063140781835586,2.3811800594497243e-10,7.667699310932445e-10,True
45,month_02_Nov,frac_snow,0.23982521880566648,1.4223765274878788e-09,4.246395230750985e-09,True
45,month_02_Nov,aridity,-0.3617021066752259,1.2479535836470068e-20,7.792100424722774e-20,True
45,month_03_Dec,frac_high_perc,0.1277415885114061,0.0014228851255200785,0.0024123085571731134,True
45,month_03_Dec,runoff_ratio,-0.3038665580540043,9.876445454299857e-15,4.267291200507618e-14,True
45,month_03_Dec,area,0.14471789471786528,0.0002967175341496625,0.0005464725808799539,True
45,month_03_Dec,dpsbar,-0.2669082110464771,1.3709098915534722e-11,4.857480030971473e-11,True
45,month_03_Dec,elev_mean,-0.23654042834477151,2.4081224230554552e-09,7.045478174882246e-09,True
45,month_03_Dec,p_seasonality,0.2476305120625725,3.945123803639329e-10,1.239204532186096e-09,True
45,month_03_Dec,frac_snow,-0.014817346811676249,0.7124835425807515,0.7471717112272469,False
45,month_03_Dec,aridity,0.37330709323068706,5.717183204255578e-22,3.982582041603885e-21,True
45,month_04_Jan,frac_high_perc,-0.20661036442066394,2.0529319403947388e-07,5.029192121923954e-07,True
45,month_04_Jan,runoff_ratio,0.2133313292135484,7.988613998402297e-08,2.034910630438794e-07,True
45,month_04_Jan,area,0.14005653120510508,0.00046451442224744433,0.0008374344513756743,True
45,month_04_Jan,dpsbar,0.031021789473640742,0.44029969839534744,0.48428237503419524,False
45,month_04_Jan,elev_mean,0.08921005634093629,0.026211884120285585,0.036518325631527127,True
45,month_04_Jan,p_seasonality,-0.11036996836624074,0.005900141544729928,0.009238142112849306,True
45,month_04_Jan,frac_snow,-0.09827953783644405,0.01428113903279712,0.02083174696521973,True
45,month_04_Jan,aridity,-0.15084108333794294,0.0001613119000781924,0.00030933218292147755,True
45,month_05_Feb,frac_high_perc,0.15918892993343292,6.764794193182615e-05,0.0001324502725395602,True
45,month_05_Feb,runoff_ratio,0.03473960562676925,0.38746528908905603,0.42939876193419196,False
45,month_05_Feb,area,0.07060091512504746,0.0787449147409354,0.10142741219461364,False
45,month_05_Feb,dpsbar,0.006541891259068632,0.8707574970247184,0.8916556769533116,False
45,month_05_Feb,elev_mean,0.09880282039066993,0.013769444314516452,0.020142729968664067,True
45,month_05_Feb,p_seasonality,0.014355996967473082,0.7210564520586784,0.7534304152123333,False
45,month_05_Feb,frac_snow,0.23458032689117364,3.284905392735244e-09,9.502099215143756e-09,True
45,month_05_Feb,aridity,0.022196425607638223,0.5808896573881106,0.6235125882237162,False
45,month_06_Mar,frac_high_perc,-0.03646948396803682,0.36425575602822813,0.408540957473062,False
45,month_06_Mar,runoff_ratio,0.25654969422713486,8.628121000505331e-11,2.868570098869305e-10,True
45,month_06_Mar,area,-0.08172845936189366,0.0417537410032146,0.056406109218062994,False
45,month_06_Mar,dpsbar,0.10083343716683928,0.011933519842780418,0.01768440567150094,True
45,month_06_Mar,elev_mean,0.03307727483991677,0.4105956347004029,0.45355979496570936,False
45,month_06_Mar,p_seasonality,-0.23054704100456413,6.1693304638485494e-09,1.730792984926278e-08,True
45,month_06_Mar,frac_snow,-0.12292072054960261,0.002150344413992521,0.0035915026863126945,True
45,month_06_Mar,aridity,-0.18237492222811308,4.784596169471039e-06,1.0292912767937697e-05,True
45,month_07_Apr,frac_high_perc,-0.19430753357328456,1.0665824545560462e-06,2.459865841138269e-06,True
45,month_07_Apr,runoff_ratio,0.43585526712218864,3.505635976009307e-30,4.079285499356284e-29,True
45,month_07_Apr,area,0.04204138049055966,0.29555294207150634,0.3373982304138489,False
45,month_07_Apr,dpsbar,0.24707520943534178,4.3283384768662303e-10,1.347178905869611e-09,True
45,month_07_Apr,elev_mean,0.3181509991194813,4.497816808999886e-16,2.103088772792641e-15,True
45,month_07_Apr,p_seasonality,-0.22055557410589527,2.7972429865499763e-08,7.401490486375131e-08,True
45,month_07_Apr,frac_snow,0.15259968636496357,0.00013482010022060548,0.00025901647772213885,True
45,month_07_Apr,aridity,-0.38514452351673495,2.1595169649186907e-23,1.6502577403557755e-22,True
45,month_08_May,frac_high_perc,-0.13835617081339757,0.0005451851198358362,0.000977705013505948,True
45,month_08_May,runoff_ratio,0.3419772522889702,1.7761460442338465e-18,9.522374603641145e-18,True
45,month_08_May,area,-0.005459444888499688,0.8919987017610599,0.9070572697153181,False
45,month_08_May,dpsbar,0.25344452628705993,1.4744620645183295e-10,4.778003652110029e-10,True
45,month_08_May,elev_mean,0.12083326820635432,0.0025601419207379296,0.004221554471554975,True
45,month_08_May,p_seasonality,-0.3864439587711123,1.4948257023277004e-23,1.1596223630178524e-22,True
45,month_08_May,frac_snow,-0.0951922868353294,0.01765427320540357,0.02528388218508148,True
45,month_08_May,aridity,-0.2968572015421216,4.231651389799634e-14,1.7332844092619301e-13,True
45,month_09_Jun,frac_high_perc,-0.19263472846573787,1.323929994536759e-06,3.026125701798306e-06,True
45,month_09_Jun,runoff_ratio,0.4242691215647804,1.5842831479204627e-28,1.6554142280311775e-27,True
45,month_09_Jun,area,-0.03852605045595201,0.33781784693405337,0.38181619785923915,False
45,month_09_Jun,dpsbar,0.3295022162636027,3.4216962712409873e-17,1.6845273950724862e-16,True
45,month_09_Jun,elev_mean,0.414035034534525,4.066900372578677e-27,3.8560240569634865e-26,True
45,month_09_Jun,p_seasonality,-0.05554617741448132,0.16682367375092888,0.20192369021389028,False
45,month_09_Jun,frac_snow,0.4015033991089332,1.8627209338469476e-25,1.6443329622924779e-24,True
45,month_09_Jun,aridity,-0.3646352329599012,5.7929981640660516e-21,3.6844907577662343e-20,True
45,month_10_Jul,frac_high_perc,-0.10430946311392394,0.009288729679069335,0.014028995857473449,True
45,month_10_Jul,runoff_ratio,0.3106614861402805,2.320106788374532e-15,1.0374625988190046e-14,True
45,month_10_Jul,area,-0.035721189866576006,0.37418711050462167,0.4169397183424729,False
45,month_10_Jul,dpsbar,0.22756399643080236,9.759910102179454e-09,2.6369783495070612e-08,True
45,month_10_Jul,elev_mean,0.3003736540091261,2.0494703410441084e-14,8.531128574102305e-14,True
45,month_10_Jul,p_seasonality,0.08183819285095506,0.041479069618882446,0.05610907171695591,False
45,month_10_Jul,frac_snow,0.517609909998918,7.428338719693607e-44,2.5355396163220843e-42,True
45,month_10_Jul,aridity,-0.21951954866306034,3.258802138168333e-08,8.534561098425507e-08,True
45,month_11_Aug,frac_high_perc,-0.20045014696907998,4.7453966693683005e-07,1.124834766072486e-06,True
45,month_11_Aug,runoff_ratio,0.4334733247485669,7.767364235783787e-30,8.936832558924267e-29,True
45,month_11_Aug,area,-0.10289530374650699,0.010294262990444064,0.015433858421983486,True
45,month_11_Aug,dpsbar,0.28196431437087693,8.180347640432824e-13,3.048074184996862e-12,True
45,month_11_Aug,elev_mean,0.36975551515214544,1.4885862160590018e-21,1.0094783345989523e-20,True
45,month_11_Aug,p_seasonality,-0.08943931293024593,0.025827615567538882,0.03603198684081719,True
45,month_11_Aug,frac_snow,0.421903938974716,3.3875193939415766e-28,3.50385844383452e-27,True
45,month_11_Aug,aridity,-0.3203381432698947,2.7612627354932576e-16,1.309043074604211e-15,True
45,month_12_Sep,frac_high_perc,-0.18528220664566084,3.3482576532685423e-06,7.357544714478513e-06,True
45,month_12_Sep,runoff_ratio,0.46548074072172096,1.0257225732381745e-34,1.7505665249931512e-33,True
45,month_12_Sep,area,-0.08773520285478645,0.02880375012201304,0.03986769662824072,True
45,month_12_Sep,dpsbar,0.38432268280914,2.722911397979174e-23,2.0501921114196133e-22,True
45,month_12_Sep,elev_mean,0.30387627469955697,9.856273322215665e-15,4.267291200507618e-14,True
45,month_12_Sep,p_seasonality,-0.21810127850976324,4.011710486724652e-08,1.0426374462959502e-07,True
45,month_12_Sep,frac_snow,0.30780571356034225,4.284480199123098e-15,1.8910809154750226e-14,True
45,month_12_Sep,aridity,-0.3658737820306362,4.1795355626239366e-21,2.726015551673192e-20,True
45,number_of_reversals,frac_high_perc,-0.20799279516052974,1.6949780939343052e-07,4.202560697793532e-07,True
45,number_of_reversals,runoff_ratio,0.29645016738434427,4.599158765715146e-14,1.876310189678211e-13,True
45,number_of_reversals,area,0.06981483661878088,0.08214156552332635,0.10540471565900525,False
45,number_of_reversals,dpsbar,0.22258663854112304,2.0689565434587478e-08,5.50288701429028e-08,True
45,number_of_reversals,elev_mean,0.2659408369525946,1.633429241916248e-11,5.767694978352544e-11,True
45,number_of_reversals,p_seasonality,-0.04653042554621346,0.24693617793117403,0.2889858813731682,False
45,number_of_reversals,frac_snow,0.19584842061734403,8.725765676087135e-07,2.0261188327240875e-06,True
45,number_of_reversals,aridity,-0.2641897597182124,2.2390096234905303e-11,7.798455287259534e-11,True
60,base_flow_index,frac_high_perc,-0.14416354782759552,0.0003131849480597241,0.0005747336681239381,True
60,base_flow_index,runoff_ratio,0.258822932152509,5.801993204095675e-11,1.9870371374561777e-10,True
60,base_flow_index,area,-0.11677152644722051,0.0035678021336678443,0.005744385825276529,True
60,base_flow_index,dpsbar,0.22124125355289062,2.527275880135004e-08,6.704483163881462e-08,True
60,base_flow_index,elev_mean,0.25020654164011424,2.558648271282322e-10,8.18767446810343e-10,True
60,base_flow_index,p_seasonality,-0.13615761219525357,0.0006688242031848723,0.0011849065468188741,True
60,base_flow_index,frac_snow,0.2759983575377074,2.5521780178238263e-12,9.434766390799994e-12,True
60,base_flow_index,aridity,-0.24077971102431295,1.2188100087305374e-09,3.649302482280907e-09,True
60,doy_max,frac_high_perc,-0.1598058015920542,6.332878308777234e-05,0.00012446962357366386,True
60,doy_max,runoff_ratio,0.08381986806880132,0.03677547784149575,0.050143927176686615,False
60,doy_max,area,0.053406147311087046,0.18380125058446398,0.22064769120573402,False
60,doy_max,dpsbar,0.07883791014238617,0.04956144991750561,0.06599600093046261,False
60,doy_max,elev_mean,0.08397349540034232,0.03643056674649081,0.04973986713120879,True
60,doy_max,p_seasonality,-0.06326874855126419,0.11524471923624233,0.14374006394386377,False
60,doy_max,frac_snow,0.05154610799948768,0.19956661535102202,0.23817740573362067,False
60,doy_max,aridity,-0.15777907187171142,7.858609758075994e-05,0.0001532269220723302,True
60,doy_min,frac_high_perc,0.22876435163603692,8.121114844022303e-09,2.2117078724145848e-08,True
60,doy_min,runoff_ratio,0.21486380285964762,6.413751546114511e-08,1.6460354845166064e-07,True
60,doy_min,area,-0.12494363103508005,0.0018113463854010543,0.0030406863912306225,True
60,doy_min,dpsbar,0.1182224500458119,0.003172540322915824,0.005132197931541554,True
60,doy_min,elev_mean,0.0898932254473342,0.02508110778152657,0.03508613984738143,True
60,doy_min,p_seasonality,-0.19679571862709905,7.706478603940335e-07,1.7975931868872217e-06,True
60,doy_min,frac_snow,-0.05102502132260092,0.2041550291067751,0.2433699066418367,False
60,doy_min,aridity,-0.20745867115124073,1.8254974813491e-07,4.5152401471050205e-07,True
60,high_pulse_count,frac_high_perc,0.16671498208372437,2.9746161459756226e-05,6.019776548377545e-05,True
60,high_pulse_count,runoff_ratio,0.10868770021259724,0.006706810131985219,0.0104057175381104,True
60,high_pulse_count,area,0.04453890033955783,0.26776789980468574,0.30947441241534784,False
60,high_pulse_count,dpsbar,0.04243779460370062,0.2910187362599368,0.3337101746138581,False
60,high_pulse_count,elev_mean,-0.02854846842795317,0.477620068857062,0.5225245197752473,False
60,high_pulse_count,p_seasonality,-0.1477896058543583,0.00021920293530762602,0.0004111058713461704,True
60,high_pulse_count,frac_snow,-0.06986369306895256,0.08192705763721558,0.1052613638902243,False
60,high_pulse_count,aridity,-0.06806232688003008,0.09014131302949105,0.11494981885703466,False
60,high_pulse_duration_mean,frac_high_perc,0.11405817283067124,0.004428877127171013,0.00705314180128012,True
60,high_pulse_duration_mean,runoff_ratio,-0.1662445758362497,3.1347101406538836e-05,6.331248883687528e-05,True
60,high_pulse_duration_mean,area,-0.03898747236071775,0.33205937323470025,0.37613805109771353,False
60,high_pulse_duration_mean,dpsbar,-0.17544983097268613,1.0948779960994668e-05,2.2880715673588857e-05,True
60,high_pulse_duration_mean,elev_mean,-0.17903432409311051,7.161167482943367e-06,1.5213766602767651e-05,True
60,high_pulse_duration_mean,p_seasonality,0.11034293761190811,0.005912381257129496,0.009243173140916952,True
60,high_pulse_duration_mean,frac_snow,-0.12058224788545482,0.0026139476248701644,0.004303347858307152,True
60,high_pulse_duration_mean,aridity,0.16986380266514295,2.0865839159554247e-05,4.27332385987671e-05,True
60,low_pulse_count,frac_high_perc,0.46809234260035015,3.887014743947e-35,6.8625915479340135e-34,True
60,low_pulse_count,runoff_ratio,-0.3385122674090118,4.094622256979724e-18,2.148943226925181e-17,True
60,low_pulse_count,area,0.058077352928924394,0.14829374361363282,0.18214545658726172,False
60,low_pulse_count,dpsbar,-0.19955198096072685,5.350477789239833e-07,1.2624168793045135e-06,True
60,low_pulse_count,elev_mean,-0.2373830916629514,2.1054254915372223e-09,6.213128828052206e-09,True
60,low_pulse_count,p_seasonality,0.16866971205809062,2.3887007654859592e-05,4.853233301304806e-05,True
60,low_pulse_count,frac_snow,-0.0916031165986285,0.022433885713402962,0.03168592961451674,True
60,low_pulse_count,aridity,0.3162788727793564,6.807669646037224e-16,3.140114287181134e-15,True
60,low_pulse_duration_mean,frac_high_perc,-0.1219700549639445,0.0023288985541370533,0.0038651411984381564,True
60,low_pulse_duration_mean,runoff_ratio,0.19167647820820613,1.49716804333562e-06,3.3918143282647674e-06,True
60,low_pulse_duration_mean,area,-0.08578573804362952,0.032565154237392875,0.044640854001459576,True
60,low_pulse_duration_mean,dpsbar,0.1999652865017627,5.06335289897944e-07,1.1974303391581862e-06,True
60,low_pulse_duration_mean,elev_mean,0.1577643856841442,7.870836036137275e-05,0.0001532269220723302,True
60,low_pulse_duration_mean,p_seasonality,0.03824124741994722,0.3414038928724659,0.38501936817335364,False
60,low_pulse_duration_mean,frac_snow,0.25896222494038745,5.661907787637822e-11,1.9455683136044058e-10,True
60,low_pulse_duration_mean,aridity,-0.12172394218415428,0.0023772799525162047,0.0039390528663051675,True
60,max_1day,frac_high_perc,-0.022447846522548977,0.5766117135256752,0.6202210027839196,False
60,max_1day,runoff_ratio,0.26292736802603867,2.8065222108458178e-11,9.70904981049364e-11,True
60,max_1day,area,0.006349144310538233,0.8745334869190357,0.8934732787762245,False
60,max_1day,dpsbar,0.12974433707401203,0.001193602761028659,0.002037082045488911,True
60,max_1day,elev_mean,0.22985046823284078,6.8706943571101485e-09,1.9033788189530546e-08,True
60,max_1day,p_seasonality,-0.21239405189033692,9.129484106440935e-08,2.3140078527216628e-07,True
60,max_1day,frac_snow,0.2049190170755094,2.590633706216016e-07,6.24190332980047e-07,True
60,max_1day,aridity,-0.22947876947413234,7.275995127510348e-09,2.0082531025796757e-08,True
60,max_30day,frac_high_perc,-0.0748269120974932,0.0623872690894667,0.08221951550529459,False
60,max_30day,runoff_ratio,0.15606775058956812,9.410564377774243e-05,0.0001818192060913363,True
60,max_30day,area,0.0063302226893041935,0.8749043241711412,0.8934732787762245,False
60,max_30day,dpsbar,-0.02811421270177139,0.4843462781068987,0.5293175974188519,False
60,max_30day,elev_mean,0.13229470501928542,0.0009509140234903108,0.001656013537506936,True
60,max_30day,p_seasonality,-0.08803770687680058,0.028254887754637987,0.03931114818036589,True
60,max_30day,frac_snow,0.19086808892888127,1.660031206529793e-06,3.744211355697154e-06,True
60,max_30day,aridity,-0.11769956023834334,0.0033101500156016797,0.005346362170309337,True
60,max_3day,frac_high_perc,-0.0024114018048804198,0.9521788587398056,0.9596763300684654,False
60,max_3day,runoff_ratio,0.1774228810301289,8.676153726357962e-06,1.835615994998048e-05,True
60,max_3day,area,0.027562271670329215,0.49296872590004365,0.5370212503421752,False
60,max_3day,dpsbar,0.09605484131729985,0.01664802176798617,0.02397689773617136,True
60,max_3day,elev_mean,0.18760698334468984,2.5066970038737525e-06,5.5439691835134395e-06,True
60,max_3day,p_seasonality,-0.14537073370905682,0.00027836249010445354,0.0005148618487100684,True
60,max_3day,frac_snow,0.19409176301699183,1.0968529436443351e-06,2.5239941894197733e-06,True
60,max_3day,aridity,-0.14651398541478497,0.00024875185149172567,0.00046397430952190726,True
60,max_7day,frac_high_perc,0.06328037917237672,0.11517777317065338,0.14374006394386377,False
60,max_7day,runoff_ratio,0.0335149295446876,0.40442791858935406,0.4472291453947069,False
60,max_7day,area,0.10941107706679006,0.006348543866836464,0.009879800789727262,True
60,max_7day,dpsbar,-0.03984981559740147,0.32146815192359646,0.364948323248074,False
60,max_7day,elev_mean,0.06719773249734506,0.0943122359698107,0.1195244178627304,False
60,max_7day,p_seasonality,0.011336406951330688,0.7779882177789251,0.8071529230046802,False
60,max_7day,frac_snow,0.16729151879317047,2.7889670303814943e-05,5.655251958634951e-05,True
60,max_7day,aridity,-0.004829026530945274,0.9044063334482771,0.9178514226472109,False
60,max_90day,frac_high_perc,0.02669185576329275,0.5067314090546713,0.5496747488050672,False
60,max_90day,runoff_ratio,-0.036412625633934964,0.36500455849832775,0.40890054489485067,False
60,max_90day,area,0.07128266311697493,0.07589220884798874,0.0983716732409373,False
60,max_90day,dpsbar,-0.177189731411494,8.919168731652565e-06,1.8754063205774592e-05,True
60,max_90day,elev_mean,0.014660525949257798,0.7153936240231462,0.7490419948872206,False
60,max_90day,p_seasonality,0.028948291303826833,0.47147253788084026,0.5163506725026529,False
60,max_90day,frac_snow,0.09003069078329051,0.024858739465065987,0.03482263914121419,True
60,max_90day,aridity,0.07357595816400303,0.06690772210560794,0.08761318086463239,False
60,mean_fall_rate,frac_high_perc,-0.016961728260825072,0.6731251371786838,0.7125599602048787,False
60,mean_fall_rate,runoff_ratio,0.22992853002225558,6.788402817348574e-09,1.889113477112635e-08,True
60,mean_fall_rate,area,-0.09110251299392964,0.023182601825640258,0.03265334837614254,True
60,mean_fall_rate,dpsbar,0.10625386709473608,0.008049097217043399,0.012283570119601253,True
60,mean_fall_rate,elev_mean,-0.0542644859697303,0.1768445160260947,0.21254552160882742,False
60,mean_fall_rate,p_seasonality,-0.3159056724371784,7.391431818035098e-16,3.3940924581470587e-15,True
60,mean_fall_rate,frac_snow,-0.23207485091958305,4.865724338974448e-09,1.3840282564193984e-08,True
60,mean_fall_rate,aridity,-0.20625763511030726,2.1553348340449194e-07,5.246605646918372e-07,True
60,mean_rise_rate,frac_high_perc,0.014821047096208885,0.7124149276314489,0.7471717112272469,False
60,mean_rise_rate,runoff_ratio,0.22465191241211477,1.5180167414530153e-08,4.0692385948897584e-08,True
60,mean_rise_rate,area,-0.010849826586276696,0.7872837426227706,0.8159701947831144,False
60,mean_rise_rate,dpsbar,0.10032291053677642,0.012373472630778712,0.018283457393820205,True
60,mean_rise_rate,elev_mean,0.04245070959583447,0.29087180310181526,0.3337101746138581,False
60,mean_rise_rate,p_seasonality,-0.27115446549840105,6.30036050225254e-12,2.2756716903191452e-11,True
60,mean_rise_rate,frac_snow,-0.10165373526897552,0.011255555726881078,0.01677683997718519,True
60,mean_rise_rate,aridity,-0.18682871869822842,2.762878718891591e-06,6.084274856225783e-06,True
60,min_1day,frac_high_perc,-0.2610165458857171,3.941743087539004e-11,1.359038694154862e-10,True
60,min_1day,runoff_ratio,0.41697462701475124,1.6194855790056133e-27,1.579384031334998e-26,True
60,min_1day,area,-0.11932279613981789,0.002899803986236938,0.004728342805583797,True
60,min_1day,dpsbar,0.33503214017315014,9.374703286834167e-18,4.823967922471451e-17,True
60,min_1day,elev_mean,0.3451601708223706,8.170244994526634e-19,4.514755721382597e-18,True
60,min_1day,p_seasonality,-0.19011200465610847,1.8276308564604365e-06,4.104153502226945e-06,True
60,min_1day,frac_snow,0.3189254467103171,3.7859142375889716e-16,1.7783376969225262e-15,True
60,min_1day,aridity,-0.3299226411650755,3.103795708577042e-17,1.5354042539047781e-16,True
60,min_30day,frac_high_perc,-0.2916003407704466,1.2280503659525724e-13,4.874122382695481e-13,True
60,min_30day,runoff_ratio,0.5948873206278014,1.0468271384435179e-60,7.656792784044017e-59,True
60,min_30day,area,-0.09792231407875526,0.014639993873177153,0.02129453654280313,True
60,min_30day,dpsbar,0.4166501650258514,1.7935345016286556e-27,1.7326220091205126e-26,True
60,min_30day,elev_mean,0.4447649911829135,1.689725867680172e-31,2.2183067801339695e-30,True
60,min_30day,p_seasonality,-0.29002547746093865,1.6826000492019701e-13,6.601465327137231e-13,True
60,min_30day,frac_snow,0.3768586599626251,2.1697633136630646e-22,1.532301815993778e-21,True
60,min_30day,aridity,-0.5046685379019096,1.9458774127742382e-41,5.243627554423211e-40,True
60,min_3day,frac_high_perc,-0.27119872600691164,6.249059387094926e-12,2.2691619902075192e-11,True
60,min_3day,runoff_ratio,0.4818590008429831,2.0281020409512632e-37,4.7199465680320305e-36,True
60,min_3day,area,-0.10513372152862288,0.008743854566800135,0.013284431864099909,True
60,min_3day,dpsbar,0.37140355956900417,9.56241150646854e-22,6.5717512635058955e-21,True
60,min_3day,elev_mean,0.35588281639227565,5.588638814398018e-20,3.3663330270256294e-19,True
60,min_3day,p_seasonality,-0.23232739208658404,4.677755065611485e-09,1.3342677401632759e-08,True
60,min_3day,frac_snow,0.30254456507163296,1.3034607276310921e-14,5.5847020296830054e-14,True
60,min_3day,aridity,-0.38393599495553143,3.036021171944855e-23,2.269259620490169e-22,True
60,min_7day,frac_high_perc,-0.2924142128878123,1.0428062305194833e-13,4.154994474910315e-13,True
60,min_7day,runoff_ratio,0.4942604147219224,1.4459522993307744e-39,3.5253694155112216e-38,True
60,min_7day,area,-0.10700516506352922,0.007611168516022026,0.011667420000608615,True
60,min_7day,dpsbar,0.348835873034989,3.2955826581567385e-19,1.8644622331229283e-18,True
60,min_7day,elev_mean,0.3541638843596096,8.651140698012724e-20,5.12067518772545e-19,True
60,min_7day,p_seasonality,-0.22560316043836293,1.3149217554012155e-08,3.534067920028464e-08,True
60,min_7day,frac_snow,0.2926294518954806,9.985856092395446e-14,3.994342436958178e-13,True
60,min_7day,aridity,-0.39028591497156434,4.9890908447584736e-24,3.991272675806779e-23,True
60,min_90day,frac_high_perc,-0.23669803385437005,2.348465421711433e-09,6.910426988024447e-09,True
60,min_90day,runoff_ratio,0.4600328355288439,7.559447901888084e-34,1.1909037925435998e-32,True
60,min_90day,area,-0.08779659596726608,0.028691623844394276,0.03981060002257417,True
60,min_90day,dpsbar,0.32891713494367975,3.9180140194876083e-17,1.9196394047633066e-16,True
60,min_90day,elev_mean,0.3564579563881634,4.825606247883958e-20,2.9239176318539486e-19,True
60,min_90day,p_seasonality,-0.1054768339879048,0.008525568713463463,0.01297203917174827,True
60,min_90day,frac_snow,0.4325225626324993,1.0651712664611345e-29,1.1728337385550555e-28,True
60,min_90day,aridity,-0.3682597426299243,2.219546820059683e-21,1.4758545089228022e-20,True
60,month_01_Oct,frac_high_perc,-0.3580411070267526,3.216514710982361e-20,1.9605423000273438e-19,True
60,month_01_Oct,runoff_ratio,0.6606779414746808,3.8708886559638586e-79,1.3212633279023304e-76,True
60,month_01_Oct,area,-0.08773143702349667,0.02881064014150208,0.03986769662824072,True
60,month_01_Oct,dpsbar,0.4209458491074701,4.600815658531495e-28,4.7112352343362504e-27,True
60,month_01_Oct,elev_mean,0.43269484914750833,1.0060039461568357e-29,1.120155730403704e-28,True
60,month_01_Oct,p_seasonality,-0.44596965877213396,1.113630156019126e-31,1.480983480212448e-30,True
60,month_01_Oct,frac_snow,0.24207609876314495,9.871244095246255e-10,2.981756328475565e-09,True
60,month_01_Oct,aridity,-0.632166385938259,1.329680140583167e-70,2.723184927914326e-68,True
60,month_02_Nov,frac_high_perc,-0.24146593340733574,1.090269359476487e-09,3.283634776776243e-09,True
60,month_02_Nov,runoff_ratio,0.30379674930291684,1.0022567489401882e-14,4.312230718129213e-14,True
60,month_02_Nov,area,0.025563347207257087,0.5248704284537424,0.5675473270714174,False
60,month_02_Nov,dpsbar,0.04629406729550181,0.24934754946841686,0.2908108094028005,False
60,month_02_Nov,elev_mean,0.1608688568966436,5.649039872624463e-05,0.00011124263133783558,True
60,month_02_Nov,p_seasonality,-0.27243326841048665,4.9717976237158705e-12,1.8182574166732326e-11,True
60,month_02_Nov,frac_snow,0.16127430925539335,5.407097253241822e-05,0.00010688933566254104,True
60,month_02_Nov,aridity,-0.24616736250073848,5.034209051034653e-10,1.5574108967551313e-09,True
60,month_03_Dec,frac_high_perc,-0.03126535555659917,0.43671697358488865,0.4808582590870172,False
60,month_03_Dec,runoff_ratio,0.14523219644749694,0.0002821664908936371,0.0005206098859010529,True
60,month_03_Dec,area,0.061849744448681375,0.12364406322648959,0.1536547581843754,False
60,month_03_Dec,dpsbar,0.1079180679531186,0.007107794572707698,0.01096141813622392,True
60,month_03_Dec,elev_mean,0.15348879754917197,0.000123038450013342,0.00023682588874748535,True
60,month_03_Dec,p_seasonality,-0.02963337855082616,0.4610408246325954,0.5060083648700725,False
60,month_03_Dec,frac_snow,0.227719753985799,9.530421592066263e-09,2.581786166739644e-08,True
60,month_03_Dec,aridity,-0.07454284190255553,0.06339102694854869,0.08332787111080084,False
60,month_04_Jan,frac_high_perc,-0.17412136448404714,1.2787111719050211e-05,2.666802932852834e-05,True
60,month_04_Jan,runoff_ratio,0.06603422510783183,0.10016716405065139,0.12678760937931646,False
60,month_04_Jan,area,0.09915564247146023,0.013433617515085252,0.01970777125422249,True
60,month_04_Jan,dpsbar,-0.10701049312561481,0.007608140429432824,0.011667420000608615,True
60,month_04_Jan,elev_mean,-0.04402704208459189,0.27331122498027327,0.3155250218487033,False
60,month_04_Jan,p_seasonality,0.037782016676367075,0.3472372065306822,0.3907372521839764,False
60,month_04_Jan,frac_snow,-0.09976631516811613,0.012869399388322425,0.018961532336175774,True
60,month_04_Jan,aridity,0.0026552034366583606,0.9473506493463254,0.9566933579197605,False
60,month_05_Feb,frac_high_perc,-0.0498856813723207,0.21445316242959356,0.2538728766796576,False
60,month_05_Feb,runoff_ratio,0.3650877782708551,5.142480225028091e-21,3.31188663548979e-20,True
60,month_05_Feb,area,0.015708946134968496,0.6960187584928149,0.7332543299348173,False
60,month_05_Feb,dpsbar,0.31326325528030324,1.3190988756870157e-15,5.950472461248917e-15,True
60,month_05_Feb,elev_mean,0.44441086744259584,1.9094462464264393e-31,2.4440911954258425e-30,True
60,month_05_Feb,p_seasonality,-0.1631360453651417,4.416570859036999e-05,8.747714815578117e-05,True
60,month_05_Feb,frac_snow,0.5011944164852522,8.333454806783202e-41,2.1333644305364996e-39,True
60,month_05_Feb,aridity,-0.3384933563565335,4.113211645286479e-18,2.148943226925181e-17,True
60,month_06_Mar,frac_high_perc,-0.07929331311036238,0.04825580255686612,0.06442495673824108,False
60,month_06_Mar,runoff_ratio,0.4398776334608796,9.016762009501896e-31,1.086254623262346e-29,True
60,month_06_Mar,area,-0.06561352938552692,0.10235399181344111,0.12907695519330506,False
60,month_06_Mar,dpsbar,0.2091230005881126,1.4478121284971675e-07,3.6337245577968124e-07,True
60,month_06_Mar,elev_mean,0.1229033098696829,0.002153498681050776,0.0035915026863126945,True
60,month_06_Mar,p_seasonality,-0.3820228313500825,5.191063405223004e-23,3.8242078611139255e-22,True
60,month_06_Mar,frac_snow,-0.17992022457663748,6.439461555730316e-06,1.3737517985558008e-05,True
60,month_06_Mar,aridity,-0.38245517162039944,4.5998966727028465e-23,3.413256661483851e-22,True
60,month_07_Apr,frac_high_perc,-0.04692558093420333,0.24294121454513248,0.285616307341235,False
60,month_07_Apr,runoff_ratio,0.3468042376797526,5.451498678469834e-19,3.033877525409299e-18,True
60,month_07_Apr,area,0.015941462267256873,0.6917480017153781,0.7295056166390805,False
60,month_07_Apr,dpsbar,0.1893553860677458,2.0115190785899547e-06,4.487571974893494e-06,True
60,month_07_Apr,elev_mean,0.20644054009470197,2.1016349674528851e-07,5.136215290386049e-07,True
60,month_07_Apr,p_seasonality,-0.23751778012824018,2.060604633204542e-09,6.098436833530206e-09,True
60,month_07_Apr,frac_snow,0.06830650600190777,0.08899056656080569,0.11376571805026844,False
60,month_07_Apr,aridity,-0.3014548093665059,1.6366868069952414e-14,6.983197043179697e-14,True
60,month_08_May,frac_high_perc,-0.17023800690339638,1.9996302001384376e-05,4.1034495489814835e-05,True
60,month_08_May,runoff_ratio,0.4647593494280776,1.339045634941028e-34,2.2478405412780537e-33,True
60,month_08_May,area,0.0019602961021068406,0.9611169727050242,0.9667817092828533,False
60,month_08_May,dpsbar,0.3516778839952571,1.619848450534574e-19,9.318678726670807e-19,True
60,month_08_May,elev_mean,0.20586312136362955,2.2757020291390984e-07,5.496035089241596e-07,True
60,month_08_May,p_seasonality,-0.47437872404071624,3.632406726945686e-36,7.018083940362986e-35,True
60,month_08_May,frac_snow,-0.155395633801587,0.0001009565854401558,0.0001946884058205641,True
60,month_08_May,aridity,-0.40317354200668476,1.1293982605533141e-25,1.0144770340408716e-24,True
60,month_09_Jun,frac_high_perc,-0.1186931796076491,0.0030531287640781475,0.004954681227283713,True
60,month_09_Jun,runoff_ratio,0.4420219087543706,4.339491571681918e-31,5.419072401710103e-30,True
60,month_09_Jun,area,-0.04917340586037487,0.22107808781802396,0.26111183613109173,False
60,month_09_Jun,dpsbar,0.29016968879898364,1.6349055038807148e-13,6.439012446053277e-13,True
60,month_09_Jun,elev_mean,0.3415405200110509,1.9744676839585165e-18,1.0530494314445421e-17,True
60,month_09_Jun,p_seasonality,-0.1155781832515986,0.003925823667962079,0.006291147787156759,True
60,month_09_Jun,frac_snow,0.30688944657150874,5.2090018702475695e-15,2.2794948355271415e-14,True
60,month_09_Jun,aridity,-0.38434800076170156,2.703561637644851e-23,2.0501921114196133e-22,True
60,month_10_Jul,frac_high_perc,-0.2822023777715017,7.812776011696909e-13,2.930506460065068e-12,True
60,month_10_Jul,runoff_ratio,0.5496831263876722,2.5602037982916135e-50,1.310824344725306e-48,True
60,month_10_Jul,area,-0.0587867655609238,0.14339274826938525,0.17690864364801265,False
60,month_10_Jul,dpsbar,0.40191338432138024,1.6478557091497264e-25,1.4673080401472347e-24,True
60,month_10_Jul,elev_mean,0.48103472268470826,2.7970247652871754e-37,6.364785243675705e-36,True
60,month_10_Jul,p_seasonality,-0.12857698392188954,0.0013227214071533325,0.0022462134675373343,True
60,month_10_Jul,frac_snow,0.5180997833855505,5.9882226952021285e-44,2.114462082719648e-42,True
60,month_10_Jul,aridity,-0.4536543833372678,7.489373518927554e-33,1.065155344914141e-31,True
60,month_11_Aug,frac_high_perc,-0.28457798785510213,4.926209563220863e-13,1.8822532062455834e-12,True
60,month_11_Aug,runoff_ratio,0.5606826169187958,1.0628396021163623e-52,6.046376403150862e-51,True
60,month_11_Aug,area,-0.11060878583872957,0.005792989189784074,0.009084258698834443,True
60,month_11_Aug,dpsbar,0.36325541555103324,8.319999713796592e-21,5.226797366213319e-20,True
60,month_11_Aug,elev_mean,0.43269369308261774,1.0063899140345779e-29,1.120155730403704e-28,True
60,month_11_Aug,p_seasonality,-0.21594565989183265,5.487402743452229e-08,1.4189647498219904e-07,True
60,month_11_Aug,frac_snow,0.3912029633225254,3.831202456604691e-24,3.1136121552088914e-23,True
60,month_11_Aug,aridity,-0.44626582590693337,1.0048763822217328e-31,1.3539387044671767e-30,True
60,month_12_Sep,frac_high_perc,-0.24580197619437344,5.348893578098067e-10,1.6497792240880785e-09,True
60,month_12_Sep,runoff_ratio,0.34939794287727055,2.8653448897305015e-19,1.6300628706022408e-18,True
60,month_12_Sep,area,-0.09911080257428564,0.013475893066362698,0.019741508583627186,True
60,month_12_Sep,dpsbar,0.2547183084548381,1.1845268295165307e-10,3.900178371141246e-10,True
60,month_12_Sep,elev_mean,0.16120972205763237,5.444970681703196e-05,0.00010743063541549273,True
60,month_12_Sep,p_seasonality,-0.11597004777344314,0.0038048205971598346,0.00610679669512801,True
60,month_12_Sep,frac_snow,0.1851074096135363,3.4214355256397153e-06,7.486217902254419e-06,True
60,month_12_Sep,aridity,-0.21962323677555357,3.209478061891227e-08,8.426937270196452e-08,True
60,number_of_reversals,frac_high_perc,-0.2151439175858011,6.160349533195983e-08,1.5889667309805256e-07,True
60,number_of_reversals,runoff_ratio,0.31952884521739866,3.3091500619129556e-16,1.5615528402759753e-15,True
60,number_of_reversals,area,0.10630941301827895,0.008015965642256356,0.012251266892045535,True
60,number_of_reversals,dpsbar,0.24556021332887243,5.567549840435625e-10,1.7120633743561803e-09,True
60,number_of_reversals,elev_mean,0.3005058602727625,1.993974187494158e-14,8.368153967188598e-14,True
60,number_of_reversals,p_seasonality,-0.05742258248812021,0.15292956506096272,0.1873204241895046,False
60,number_of_reversals,frac_snow,0.2319547234458077,4.957690120053753e-09,1.4023963212527745e-08,True
60,number_of_reversals,aridity,-0.26499989616630454,1.935611387370771e-11,6.764730582483514e-11,True
85,base_flow_index,frac_high_perc,0.07471546941885382,0.0627794756859017,0.08263005540149529,False
85,base_flow_index,runoff_ratio,-0.10286727589792904,0.010315133047142237,0.015442538362973173,True
85,base_flow_index,area,-0.08426350940086721,0.035786944372807654,0.04892634317457281,True
85,base_flow_index,dpsbar,-0.01884811268614693,0.6392212644376954,0.6825470018604798,False
85,base_flow_index,elev_mean,-0.054289295987019946,0.17664638501821253,0.21254552160882742,False
85,base_flow_index,p_seasonality,0.01183360909072093,0.7685224144830679,0.7981409253860665,False
85,base_flow_index,frac_snow,0.05604651171231565,0.16302954686477575,0.19803351837429461,False
85,base_flow_index,aridity,0.0719627553439689,0.07313081291805916,0.09491248723459135,False
85,doy_max,frac_high_perc,0.04682304546367483,0.24397345193558245,0.2865009343830693,False
85,doy_max,runoff_ratio,-0.04534426771020707,0.2592029092882872,0.3009339899220024,False
85,doy_max,area,0.0357741451755794,0.37347884234301565,0.41660385028240526,False
85,doy_max,dpsbar,-0.060451740489890424,0.13237783701218833,0.1637136535029962,False
85,doy_max,elev_mean,-0.0206579903594837,0.6073833554176324,0.6512675978509483,False
85,doy_max,p_seasonality,0.1182990295270331,0.0031528293747402547,0.005108381771731046,True
85,doy_max,frac_snow,0.01740922294253688,0.665018877660733,0.7064100941126458,False
85,doy_max,aridity,0.043500577918884016,0.27909385734095243,0.3218379616183956,False
85,doy_min,frac_high_perc,0.33162608403872673,2.087549070971318e-17,1.0376942954731212e-16,True
85,doy_min,runoff_ratio,0.08622395921246634,0.03168491447863605,0.04349242952563447,True
85,doy_min,area,-0.12929196989467195,0.0012421934663753044,0.0021164827114281393,True
85,doy_min,dpsbar,0.05631369806754373,0.16103019825285564,0.19583720072556315,False
85,doy_min,elev_mean,0.008221401827295197,0.8379886094097797,0.8610853793501323,False
85,doy_min,p_seasonality,-0.10208126906657669,0.010915914418073925,0.01631809688190905,True
85,doy_min,frac_snow,-0.03792318407073469,0.3454373504563393,0.38913954550857144,False
85,doy_min,aridity,-0.06729642989881729,0.09382844008353214,0.11905864020512628,False
85,high_pulse_count,frac_high_perc,0.25011218396224033,2.5997763778977624e-10,8.293367635412177e-10,True
85,high_pulse_count,runoff_ratio,0.2059768601627363,2.2403509016045858e-07,5.423449936744908e-07,True
85,high_pulse_count,area,0.023015112275113346,0.567014478788622,0.6111819223995252,False
85,high_pulse_count,dpsbar,0.13090634649449226,0.001076703021900314,0.001849905863130741,True
85,high_pulse_count,elev_mean,0.0454447994944774,0.25814720776924904,0.30004851391113624,False
85,high_pulse_count,p_seasonality,-0.24754147557864553,4.0042626422101076e-10,1.25393423413552e-09,True
85,high_pulse_count,frac_snow,-0.0656240728308898,0.10229872646594804,0.12907695519330506,False
85,high_pulse_count,aridity,-0.15898773794510512,6.911575261767077e-05,0.00013506589824521922,True
85,high_pulse_duration_mean,frac_high_perc,0.19555974321653186,9.061313815014541e-07,2.094533938278756e-06,True
85,high_pulse_duration_mean,runoff_ratio,-0.2587029955979028,5.925317374608948e-11,2.0157890337540076e-10,True
85,high_pulse_duration_mean,area,0.0017470142319035778,0.9653446619519256,0.9700813874767142,False
85,high_pulse_duration_mean,dpsbar,-0.27009074414737444,7.664896551634283e-12,2.7347923584925106e-11,True
85,high_pulse_duration_mean,elev_mean,-0.27997058927890855,1.2001492975393514e-12,4.4527278285517965e-12,True
85,high_pulse_duration_mean,p_seasonality,0.12261778833502109,0.0022058335633826924,0.0036728025510632148,True
85,high_pulse_duration_mean,frac_snow,-0.13189819341911246,0.0009853782253298165,0.0017073220012482778,True
85,high_pulse_duration_mean,aridity,0.2848405501888338,4.68013494203834e-13,1.801676007762128e-12,True
85,low_pulse_count,frac_high_perc,0.5131269221531162,5.2524337333287956e-43,1.581909453802555e-41,True
85,low_pulse_count,runoff_ratio,-0.5493204145253148,3.0571424618774198e-50,1.490720895696418e-48,True
85,low_pulse_count,area,0.06528914718245521,0.10406590907444263,0.13091337947448312,False
85,low_pulse_count,dpsbar,-0.3250216302999075,9.582833363221009e-17,4.650626238833324e-16,True
85,low_pulse_count,elev_mean,-0.38880885780135227,7.620534357871225e-24,6.002636294200104e-23,True
85,low_pulse_count,p_seasonality,0.28300644525772695,6.68692790470936e-13,2.5174316817729357e-12,True
85,low_pulse_count,frac_snow,-0.16621609663508963,3.1446601538497335e-05,6.338842514846707e-05,True
85,low_pulse_count,aridity,0.47996744278238096,4.235414589638562e-37,9.035551124562267e-36,True
85,low_pulse_duration_mean,frac_high_perc,-0.00015944094438328713,0.99683620229143,0.99683620229143,False
85,low_pulse_duration_mean,runoff_ratio,0.04999086685079492,0.21348705506352006,0.25302169489009785,False
85,low_pulse_duration_mean,area,-0.044764508220153126,0.265349254955799,0.30737289261848205,False
85,low_pulse_duration_mean,dpsbar,0.042516965733729775,0.2901187934454187,0.3337101746138581,False
85,low_pulse_duration_mean,elev_mean,-0.02592164039620602,0.5190757008079806,0.5618747543629726,False
85,low_pulse_duration_mean,p_seasonality,0.006102568637090699,0.8793681500356776,0.8959930205338645,False
85,low_pulse_duration_mean,frac_snow,0.12052956641621232,0.0026253699041909784,0.004315214738188703,True
85,low_pulse_duration_mean,aridity,0.00846046670095843,0.8333455559772366,0.8577008523730902,False
85,max_1day,frac_high_perc,-0.04827837324063195,0.22960866049114856,0.27056302456034076,False
85,max_1day,runoff_ratio,0.24917685720949814,3.043904257997074e-10,9.679993665183243e-10,True
85,max_1day,area,0.016247373281126534,0.686144043534471,0.7250892678836928,False
85,max_1day,dpsbar,0.0544413648140126,0.17543557874351567,0.21134827368630593,False
85,max_1day,elev_mean,0.09651469684280009,0.016132372109415764,0.02326697047893203,True
85,max_1day,p_seasonality,-0.271144958666003,6.3114332036195046e-12,2.2756716903191452e-11,True
85,max_1day,frac_snow,0.02381953955093613,0.55353723305015,0.5972835897190238,False
85,max_1day,aridity,-0.16939316953634684,2.201049063991309e-05,4.4897893257511965e-05,True
85,max_30day,frac_high_perc,-0.09737763153259818,0.015202429246712893,0.022049982363504254,True
85,max_30day,runoff_ratio,0.11166413302648087,0.005340135389995485,0.008425729798698578,True
85,max_30day,area,0.034987336633533705,0.3840874125725989,0.42611647938715197,False
85,max_30day,dpsbar,-0.09034040534645732,0.0243639686108228,0.03422318773317221,True
85,max_30day,elev_mean,0.016086662505172614,0.6890859680119314,0.7274474548909462,False
85,max_30day,p_seasonality,-0.16439331432218124,3.847616567322442e-05,7.680232680191386e-05,True
85,max_30day,frac_snow,0.0507583469431799,0.20653262857999,0.2456323015864225,False
85,max_30day,aridity,-0.04950290911133468,0.2179953843910874,0.25776821433772923,False
85,max_3day,frac_high_perc,-0.055224144328555415,0.16930049427644972,0.20467970028227214,False
85,max_3day,runoff_ratio,0.22565551739550288,1.3045437144037307e-08,3.5154020093405795e-08,True
85,max_3day,area,0.019820913758366664,0.6220211348079252,0.6655691139428583,False
85,max_3day,dpsbar,0.06153292505538528,0.12558292658194206,0.15587505069079838,False
85,max_3day,elev_mean,0.10330521124748902,0.00999329341443324,0.015004593044544923,True
85,max_3day,p_seasonality,-0.23345277453731622,3.9223917303990805e-09,1.1250781882153104e-08,True
85,max_3day,frac_snow,0.046350182379049185,0.24877357190654514,0.2904722207893982,False
85,max_3day,aridity,-0.13582555307359645,0.0006896142747277012,0.001219628700036556,True
85,max_7day,frac_high_perc,-0.017930947625825512,0.6556171082363197,0.6978710174989515,False
85,max_7day,runoff_ratio,0.14271057896184428,0.0003604863892271024,0.0006556626333366836,True
85,max_7day,area,0.05655064615529377,0.15927263049146845,0.1943923404329722,False
85,max_7day,dpsbar,-0.02222354849813886,0.580427447117133,0.6235125882237162,False
85,max_7day,elev_mean,0.02907434430180582,0.46954345636866407,0.5147885431707837,False
85,max_7day,p_seasonality,-0.1827873056337153,4.549916485828018e-06,9.829355446176983e-06,True
85,max_7day,frac_snow,-0.010350764382466356,0.796849214842072,0.8233840524705164,False
85,max_7day,aridity,-0.05745078659976857,0.1527276373690213,0.18729712654596148,False
85,max_90day,frac_high_perc,0.07020943769296976,0.08042196314160263,0.10345739982035314,False
85,max_90day,runoff_ratio,-0.1297874207449659,0.0011890675222536004,0.0020327297876255204,True
85,max_90day,area,0.05096513915839106,0.20468718555661644,0.2437205558255526,False
85,max_90day,dpsbar,-0.2339605285338889,3.6217036103236627e-09,1.0417484542054581e-08,True
85,max_90day,elev_mean,-0.08234397629060104,0.040232706024351396,0.054567272806537524,False
85,max_90day,p_seasonality,0.013128115328879114,0.7440416323644184,0.7742872271759802,False
85,max_90day,frac_snow,0.0657298040773472,0.10174582620829022,0.12862682226825825,False
85,max_90day,aridity,0.1572040213108439,8.350969773682291e-05,0.0001622655227372043,True
85,mean_fall_rate,frac_high_perc,0.09331907390182623,0.02002434639223079,0.02840018103274838,True
85,mean_fall_rate,runoff_ratio,0.2566007871650364,8.55187012559586e-11,2.8618022903954775e-10,True
85,mean_fall_rate,area,-0.2085508699736946,1.5682360470104748e-07,3.9072353093399664e-07,True
85,mean_fall_rate,dpsbar,0.04257012564582497,0.2895155713263538,0.3334802531363175,False
85,mean_fall_rate,elev_mean,-0.08637088525751449,0.031394381805567056,0.043151472441477406,True
85,mean_fall_rate,p_seasonality,-0.26299136076483387,2.7746455527335563e-11,9.631312020336142e-11,True
85,mean_fall_rate,frac_snow,-0.2081259151207724,1.6638775397630923e-07,4.1354626231005015e-07,True
85,mean_fall_rate,aridity,-0.16341333368909366,4.284634294442002e-05,8.502840150210485e-05,True
85,mean_rise_rate,frac_high_perc,0.1413880312160114,0.000409257217930579,0.0007391170919945554,True
85,mean_rise_rate,runoff_ratio,0.058079745379853054,0.14827700346614645,0.18214545658726172,False
85,mean_rise_rate,area,-0.058069466412485476,0.14834893632204715,0.18214545658726172,False
85,mean_rise_rate,dpsbar,-0.03841088979071884,0.33926495447153554,0.3830290114430567,False
85,mean_rise_rate,elev_mean,-0.05213842071438747,0.19444281857433113,0.23260449324779797,False
85,mean_rise_rate,p_seasonality,-0.17277297390398041,1.4951285016551152e-05,3.09295269837341e-05,True
85,mean_rise_rate,frac_snow,-0.07932454709317018,0.048167320502148614,0.06439077832141016,False
85,mean_rise_rate,aridity,0.004935399031422299,0.9023110361826094,0.9166334335823334,False
85,min_1day,frac_high_perc,-0.11535803103044848,0.003995323522047809,0.006392517635276494,True
85,min_1day,runoff_ratio,0.18927436047727425,2.0322308591486895e-06,4.5239226081918655e-06,True
85,min_1day,area,-0.08299513203112721,0.03867489574953367,0.05252399634949931,False
85,min_1day,dpsbar,0.21496485000966065,6.32120031651648e-08,1.6263590764102703e-07,True
85,min_1day,elev_mean,0.15639049190100365,9.097384271816902e-05,0.00017610059535615326,True
85,min_1day,p_seasonality,-0.11396526625227552,0.004461436721454913,0.00709396149498421,True
85,min_1day,frac_snow,0.13747832516345748,0.0005917567870169983,0.0010538416520094022,True
85,min_1day,aridity,-0.14385473072501082,0.0003227249666594954,0.0005911813342742813,True
85,min_30day,frac_high_perc,-0.19285233586389794,1.2873599650718507e-06,2.949119919985627e-06,True
85,min_30day,runoff_ratio,0.539601211589251,3.2736937760285253e-48,1.4575054028927e-46,True
85,min_30day,area,-0.09499824778081772,0.017887831376002673,0.025582596828249635,True
85,min_30day,dpsbar,0.4316071677594823,1.4422912378135788e-29,1.5711768377884092e-28,True
85,min_30day,elev_mean,0.3545598746660134,7.82455444600056e-20,4.65833939110731e-19,True
85,min_30day,p_seasonality,-0.32438418000086927,1.1079563332770493e-16,5.32651307641173e-16,True
85,min_30day,frac_snow,0.25401163103428415,1.3377137842991994e-10,4.362480621408854e-10,True
85,min_30day,aridity,-0.4786611864858109,7.023955047399991e-37,1.438505993707518e-35,True
85,min_3day,frac_high_perc,-0.11299765504189248,0.004813629920661896,0.0076302740538046155,True
85,min_3day,runoff_ratio,0.2484380937619149,3.4461523393439193e-10,1.0858030755348226e-09,True
85,min_3day,area,-0.07500068393275498,0.06177973987291162,0.08152378045085244,False
85,min_3day,dpsbar,0.2542103152525912,1.2927942505922646e-10,4.243017027584868e-10,True
85,min_3day,elev_mean,0.17158640574331838,1.7139948371943924e-05,3.536059545566891e-05,True
85,min_3day,p_seasonality,-0.15038405445141548,0.00016895668954475392,0.0003227829292795299,True
85,min_3day,frac_snow,0.1351346510707991,0.0007348054218003937,0.0012950787468564598,True
85,min_3day,aridity,-0.1918248305916453,1.468993951135459e-06,3.3353654234206432e-06,True
85,min_7day,frac_high_perc,-0.12101116523320804,0.002522623924397143,0.004166398223520443,True
85,min_7day,runoff_ratio,0.21820236019389727,3.9529015742084815e-08,1.0299672295138639e-07,True
85,min_7day,area,-0.07062364333773746,0.07864842788222952,0.10142741219461364,False
85,min_7day,dpsbar,0.2062208449891291,2.1662948486503953e-07,5.256601718052144e-07,True
85,min_7day,elev_mean,0.139966946482935,0.00046847095363454353,0.0008430830518836073,True
85,min_7day,p_seasonality,-0.11192218210443841,0.005234374580630153,0.008271604275563699,True
85,min_7day,frac_snow,0.13157088580824547,0.0010146926963674528,0.0017521843525805593,True
85,min_7day,aridity,-0.17378646044271473,1.3294945944189363e-05,2.7558754345850016e-05,True
85,min_90day,frac_high_perc,-0.10203449889227059,0.01095262165570293,0.016349102879649854,True
85,min_90day,runoff_ratio,0.2489710288366107,3.1511320643560496e-10,9.989966668422893e-10,True
85,min_90day,area,-0.0966110374348234,0.016026134336366835,0.023146349168462112,True
85,min_90day,dpsbar,0.11097639094645748,0.005631470701536869,0.008844518402413733,True
85,min_90day,elev_mean,0.06765861549546169,0.09207006475503501,0.11711769727845447,False
85,min_90day,p_seasonality,-0.06949750116888548,0.08354593332301226,0.1070726354477654,False
85,min_90day,frac_snow,0.18811608404737826,2.351596475112249e-06,5.223502799381655e-06,True
85,min_90day,aridity,-0.15667741781667122,8.827229961850814e-05,0.00017119476289650064,True
85,month_01_Oct,frac_high_perc,-0.29995225356807625,2.236670085944023e-14,9.272672744966314e-14,True
85,month_01_Oct,runoff_ratio,0.6860996757348427,1.400118116777564e-87,1.4337209515802256e-84,True
85,month_01_Oct,area,-0.10017487864377589,0.012503692967427692,0.018449253023985528,True
85,month_01_Oct,dpsbar,0.48020461867752345,3.8628336181395196e-37,8.416046010584825e-36,True
85,month_01_Oct,elev_mean,0.45719064545313365,2.1129009193887385e-33,3.1356674513827075e-32,True
85,month_01_Oct,p_seasonality,-0.40848558926002665,2.256616698603767e-26,2.1007049994275066e-25,True
85,month_01_Oct,frac_snow,0.2009797341747453,4.4200734860361695e-07,1.0525942441165204e-06,True
85,month_01_Oct,aridity,-0.6049129872886776,3.0666681948970115e-63,2.616890192978783e-61,True
85,month_02_Nov,frac_high_perc,-0.30106275350586525,1.775958575402367e-14,7.483874819802567e-14,True
85,month_02_Nov,runoff_ratio,0.6077284256968325,5.740871762237538e-64,5.878652684531239e-62,True
85,month_02_Nov,area,-0.09392989979432856,0.01922273787966036,0.02733900498440584,True
85,month_02_Nov,dpsbar,0.2914704455482393,1.2604592431925247e-13,4.983437316714847e-13,True
85,month_02_Nov,elev_mean,0.3970744641741709,6.9254586054001125e-25,5.812843944204685e-24,True
85,month_02_Nov,p_seasonality,-0.3683004167047004,2.1956274927272493e-21,1.4694918644135316e-20,True
85,month_02_Nov,frac_snow,0.26516682826368665,1.8782831562300654e-11,6.586855999930093e-11,True
85,month_02_Nov,aridity,-0.5114565594219196,1.0805735953504526e-42,3.161449604682467e-41,True
85,month_03_Dec,frac_high_perc,-0.10590354149732227,0.008260889255648081,0.012588021722892315,True
85,month_03_Dec,runoff_ratio,0.08801511057484963,0.02829557343041618,0.03931433811770172,True
85,month_03_Dec,area,0.04607349180398698,0.25161266852727165,0.2931187401273335,False
85,month_03_Dec,dpsbar,-0.02791357115492092,0.4874712411408769,0.5316099082708517,False
85,month_03_Dec,elev_mean,0.05676997483822124,0.15765869432065663,0.1926521515326401,False
85,month_03_Dec,p_seasonality,-0.0037848708772575887,0.9250068386685033,0.9359752992060745,False
85,month_03_Dec,frac_snow,0.1940535445802219,1.1022998908045778e-06,2.530841004896609e-06,True
85,month_03_Dec,aridity,-0.018111300141054887,0.6523795811280104,0.6951474412852057,False
85,month_04_Jan,frac_high_perc,-0.20407862480782757,2.905965670573515e-07,6.968873177206744e-07,True
85,month_04_Jan,runoff_ratio,0.09602385458174292,0.01668328164536431,0.0239939331528835,True
85,month_04_Jan,area,0.11922175999417006,0.002923926348660943,0.004752540604807628,True
85,month_04_Jan,dpsbar,-0.08119590224167585,0.04310868386476569,0.05800695437256251,False
85,month_04_Jan,elev_mean,-0.0032119192650289993,0.9363330467039039,0.9465005328971349,False
85,month_04_Jan,p_seasonality,-0.0681974428894303,0.08950308240179639,0.11427824984967519,False
85,month_04_Jan,frac_snow,-0.05917996586754244,0.14073023241445462,0.17383324245163032,False
85,month_04_Jan,aridity,-0.03530313375289078,0.3798075940798267,0.42182535394549087,False
85,month_05_Feb,frac_high_perc,0.047544160229257865,0.2367788676638621,0.27869144883654573,False
85,month_05_Feb,runoff_ratio,0.11115680229932803,0.005553693806171664,0.008749203780799669,True
85,month_05_Feb,area,0.09480637040789025,0.0181214386024337,0.025844502965030793,True
85,month_05_Feb,dpsbar,0.09794350277805869,0.014618489273803575,0.0212935035794806,True
85,month_05_Feb,elev_mean,0.23429585795118824,3.4355276465540476e-09,9.909803690341815e-09,True
85,month_05_Feb,p_seasonality,0.00430151011352297,0.9148067444996525,0.9274872340273704,False
85,month_05_Feb,frac_snow,0.45965096570727815,8.68380938180044e-34,1.3473061828732805e-32,True
85,month_05_Feb,aridity,-0.042442005914561015,0.29097081893673526,0.3337101746138581,False
85,month_06_Mar,frac_high_perc,-0.1594231589447071,6.597618219131774e-05,0.0001294245413101712,True
85,month_06_Mar,runoff_ratio,0.4730428952608515,6.035793662410848e-36,1.123755038237947e-34,True
85,month_06_Mar,area,-0.044555571441835244,0.2675886606042402,0.30947441241534784,False
85,month_06_Mar,dpsbar,0.28664074593129535,3.288855917812985e-13,1.275677446909279e-12,True
85,month_06_Mar,elev_mean,0.2889858452468515,2.0691830130931116e-13,8.056438803830214e-13,True
85,month_06_Mar,p_seasonality,-0.4328646073751223,9.508898047433846e-30,1.0819012889524732e-28,True
85,month_06_Mar,frac_snow,0.07852828294337286,0.05046593337953734,0.06711313737746263,False
85,month_06_Mar,aridity,-0.4401297471710426,8.276081213633324e-31,1.0088937098524434e-29,True
85,month_07_Apr,frac_high_perc,-0.044963688538817076,0.26322644159137726,0.3052592029326957,False
85,month_07_Apr,runoff_ratio,0.2938158821739554,7.859035545180483e-14,3.1683670859310294e-13,True
85,month_07_Apr,area,0.02985765557403504,0.45765396473221454,0.5028301071735919,False
85,month_07_Apr,dpsbar,0.08319588501546583,0.03820505330518745,0.05202390237302121,False
85,month_07_Apr,elev_mean,0.06352801798019868,0.11375958846632327,0.14240809118522618,False
85,month_07_Apr,p_seasonality,-0.08303191788365648,0.038588437414639916,0.052476175182724134,False
85,month_07_Apr,frac_snow,-0.09545930276802592,0.01733723638244138,0.024864607921036376,True
85,month_07_Apr,aridity,-0.18232711158568388,4.812540741169492e-06,1.0331324358401593e-05,True
85,month_08_May,frac_high_perc,-0.16601323162493964,3.216407770361589e-05,6.470729974165554e-05,True
85,month_08_May,runoff_ratio,0.679883502071801,1.9472432776127268e-85,9.969885581377161e-83,True
85,month_08_May,area,-0.008201212580983948,0.8383809796992987,0.8610853793501323,False
85,month_08_May,dpsbar,0.4640980048567739,1.7087657109701092e-34,2.8222194968280513e-33,True
85,month_08_May,elev_mean,0.43970906794015363,9.548227169963097e-31,1.1369051886095595e-29,True
85,month_08_May,p_seasonality,-0.4590876179876607,1.0651491326017027e-33,1.6279294205733487e-32,True
85,month_08_May,frac_snow,0.1691051658335669,2.2740103542963827e-05,4.6293968246510854e-05,True
85,month_08_May,aridity,-0.6119802228949054,4.427126652071974e-65,5.037086324135224e-63,True
85,month_09_Jun,frac_high_perc,-0.05645140201456237,0.1600070059074999,0.19482422598011878,False
85,month_09_Jun,runoff_ratio,0.4243556857299516,1.5406482956523898e-28,1.6264163451010795e-27,True
85,month_09_Jun,area,-0.12566082559597813,0.0017034419577996176,0.002873681325843177,True
85,month_09_Jun,dpsbar,0.28196089659454354,8.185746102286495e-13,3.048074184996862e-12,True
85,month_09_Jun,elev_mean,0.3401454977828628,2.7657073419648044e-18,1.4674012011253678e-17,True
85,month_09_Jun,p_seasonality,-0.14803623770780974,0.0002138832607695595,0.0004018650624367503,True
85,month_09_Jun,frac_snow,0.3899332530758012,5.5211485900033684e-24,4.3826791908243795e-23,True
85,month_09_Jun,aridity,-0.3714422516883265,9.463277208285931e-22,6.547564771138374e-21,True
85,month_10_Jul,frac_high_perc,-0.1497884487342966,0.00017943031141614342,0.000340884302208035,True
85,month_10_Jul,runoff_ratio,0.419607470482817,7.044425561558265e-28,7.142071064391746e-27,True
85,month_10_Jul,area,-0.13197940170372638,0.0009782271460222081,0.001697804402587697,True
85,month_10_Jul,dpsbar,0.30120530037157445,1.7240251217029986e-14,7.29504844885897e-14,True
85,month_10_Jul,elev_mean,0.30448319400025603,8.67331295465786e-15,3.7793499853487865e-14,True
85,month_10_Jul,p_seasonality,-0.14539100116771392,0.0002778100164605358,0.0005148618487100684,True
85,month_10_Jul,frac_snow,0.4369313143231848,2.4422017911155396e-30,2.8744995794279454e-29,True
85,month_10_Jul,aridity,-0.33309350418382383,1.4804021547498492e-17,7.431038266979636e-17,True
85,month_11_Aug,frac_high_perc,-0.24529036493708553,5.821887252817487e-10,1.7849139361931458e-09,True
85,month_11_Aug,runoff_ratio,0.5161940610169078,1.382116534187367e-43,4.5654430032511734e-42,True
85,month_11_Aug,area,-0.1304301511208868,0.0011232689142794932,0.0019266790087474055,True
85,month_11_Aug,dpsbar,0.34737792093646064,4.731022025263016e-19,2.647304127797447e-18,True
85,month_11_Aug,elev_mean,0.36102498456474935,1.488167374070895e-20,9.235656915446039e-20,True
85,month_11_Aug,p_seasonality,-0.1845726372285438,3.654936463908092e-06,7.980074496891015e-06,True
85,month_11_Aug,frac_snow,0.3371076788350057,5.727398420987836e-18,2.96204847630886e-17,True
85,month_11_Aug,aridity,-0.400880675570207,2.2431304368610704e-25,1.9465809892760475e-24,True
85,month_12_Sep,frac_high_perc,-0.20666450659366437,2.0376348604351466e-07,5.015716579532669e-07,True
85,month_12_Sep,runoff_ratio,0.5010640349764308,8.798155106534888e-41,2.1973928851443235e-39,True
85,month_12_Sep,area,-0.10146744430406439,0.01140645430660452,0.0169770482702951,True
85,month_12_Sep,dpsbar,0.4561276383038063,3.09568602783725e-33,4.528546417864777e-32,True
85,month_12_Sep,elev_mean,0.3226296512972465,1.6490496238434944e-16,7.854078208445294e-16,True
85,month_12_Sep,p_seasonality,-0.30047001285518327,2.0088744123272203e-14,8.396275094788056e-14,True
85,month_12_Sep,frac_snow,0.22921817808663306,7.57387575140688e-09,2.0848518197421088e-08,True
85,month_12_Sep,aridity,-0.3988529586841135,4.097041589134278e-25,3.49614215606125e-24,True
85,number_of_reversals,frac_high_perc,-0.29758267837605307,3.6467185815750766e-14,1.5057418659406767e-13,True
85,number_of_reversals,runoff_ratio,0.5739807636880374,1.0599148524278084e-55,6.384428287565152e-54,True
85,number_of_reversals,area,0.0023060624506121945,0.9542655351101077,0.9608337344668144,False
85,number_of_reversals,dpsbar,0.4426499816206382,3.4992787434350377e-31,4.4237795472561466e-30,True
85,number_of_reversals,elev_mean,0.4803489238441824,3.6522421257383823e-37,8.130208558165443e-36,True
85,number_of_reversals,p_seasonality,-0.24361143294950144,7.677975436209761e-10,2.33301093373258e-09,True
85,number_of_reversals,frac_snow,0.36950181504065316,1.5931768219850523e-21,1.0732980695478246e-20,True
85,number_of_reversals,aridity,-0.515351744352841,1.9969440235733502e-43,6.390220875434721e-42,True
